0,0,2442795266,TRANSPORTBUSSTOP,poi
0,1,3374501035,SHOPBICYCLE,poi
0,2,2458116643,TRANSPORTBUSSTOP,poi
0,3,2458116640,TRANSPORTBUSSTOP,poi
0,4,2458116641,TRANSPORTBUSSTOP,poi
0,5,981019245,TRANSPORTBUSSTOP,poi
0,6,1499686366,TRANSPORTBUSSTOP,poi
0,7,3562844215,EDUCATIONSCHOOL,poi
0,8,3447121918,FOODFASTFOOD,poi,taxi,Tid5873
0,9,1660324135,TRANSPORTBUSSTOP,poi
0,10,1599493533,TRANSPORTBUSSTOP,poi
0,11,2103042060,TRANSPORTBUSSTOP,poi
0,12,1660324139,TRANSPORTBUSSTOP,poi
0,13,3562844218,TRANSPORTBUSSTOP,poi
0,14,1673280277,TRANSPORTBUSSTOP,poi
0,15,2458217529,TRANSPORTBUSSTOP,poi
0,16,4824079221,TRANSPORTBUSSTOP,poi
0,17,3536227766,TRANSPORTBUSSTOP,poi
0,18,1805915912,TRANSPORTSUBWAY,poi
0,19,1736406134,TRANSPORTBUSSTOP,poi,taxi,Tid7435
0,20,1835376405,TRANSPORTBUSSTOP,poi
0,21,1350216290,TRANSPORTBUSSTOP,poi
0,22,4174505746,FOODRESTAURANT,poi
0,23,4375359289,TRANSPORTBUSSTOP,poi
0,24,1887323347,TRANSPORTBUSSTOP,poi
0,25,1408034516,TRANSPORTBUSSTOP,poi
0,26,2093005586,TRANSPORTBUSSTOP,poi
0,27,1599493531,TRANSPORTBUSSTOP,poi
0,28,3390610006,TRANSPORTBUSSTOP,poi
0,29,2401797500,SHOPDEPARTMENTSTORE,poi
0,30,407185506,TRANSPORTBUSSTOP,poi
0,31,4148548621,FOODRESTAURANT,poi
0,32,4148548620,ACCOMMOMOTEL,poi
0,33,2602380207,TRANSPORTBUSSTOP,poi
0,34,1114097898,TRANSPORTSUBWAY,poi
0,35,3949904356,TRANSPORTBUSSTOP,poi
0,36,995943621,TRANSPORTBUSSTOP,poi
0,37,1647734568,TRANSPORTBUSSTOP,poi
0,38,2250094134,TRANSPORTBUSSTOP,poi
0,39,2697516134,TRANSPORTBUSSTOP,poi
0,40,1808782918,TRANSPORTBUSSTOP,poi
0,41,2987561433,TOURISTART,poi
0,42,2382543707,TRANSPORTBUSSTOP,poi
0,43,1349202021,TRANSPORTBUSSTOP,poi
0,44,2684958524,MONEYBANK,poi,taxi,Tid7903
0,45,2382543709,TRANSPORTSUBWAY,poi
0,46,2684958523,TRANSPORTBUSSTOP,poi
0,47,1719041031,TRANSPORTBUSSTOP,poi
0,48,1719041030,TRANSPORTBUSSTOP,poi
0,49,1719041033,TRANSPORTBUSSTOP,poi
0,50,3536015131,FOODCAFE,poi
0,51,3536015132,TRANSPORTSUBWAY,poi
0,52,3536015133,SHOPSUPERMARKET,poi
0,53,2610693599,TRANSPORTBUSSTOP,poi
0,54,3530515370,FOODRESTAURANT,poi
0,55,1826719924,TRANSPORTBUSSTOP,poi
0,56,1423967057,TRANSPORTBUSSTOP,poi
0,57,2056622413,TRANSPORTBUSSTOP,poi
0,58,1301959211,TRANSPORTSUBWAY,poi
0,59,2056622410,TRANSPORTBUSSTOP,poi
0,60,2013203080,TRANSPORTBUSSTOP,poi
0,61,2013203082,TRANSPORTBUSSTOP,poi
0,62,1870751371,TRANSPORTBUSSTOP,poi,taxi,Tid6534
0,63,2383234323,SHOPHAIRDRESSER,poi
0,64,2503942222,TRANSPORTBUSSTOP,poi
0,65,3533293888,TRANSPORTBUSSTOP,poi
0,66,353122986,TRANSPORTBUSSTOP,poi
0,67,1732906960,TRANSPORTBUSSTOP,poi
0,68,1718892631,TRANSPORTBUSSTOP,poi
0,69,3533293886,SHOPDEPARTMENTSTORE,poi
0,70,2524995148,TRANSPORTBUSSTOP,poi
0,71,2524995149,TRANSPORTBUSSTOP,poi
0,72,3523642540,TRANSPORTBUSSTOP,poi
0,73,2524995140,TRANSPORTSUBWAY,poi
0,74,2524995141,SHOPCLOTHES,poi
0,75,2524995142,HEALTHHOSPITAL,poi,taxi,Tid2703
0,76,2524995143,TRANSPORTBUSSTOP,poi
0,77,3530332754,SHOPPHONE,poi
0,78,2948740933,FOODRESTAURANT,poi
0,79,3530332759,SHOPHIFI,poi
0,80,2512661956,ACCOMMOHOTEL,poi
0,81,2512661957,TRANSPORTBUSSTOP,poi
0,82,2512661954,TRANSPORTBUSSTOP,poi
0,83,3564848273,TRANSPORTSUBWAY,poi
0,84,4529752803,TRANSPORTBUSSTOP,poi
0,85,4529752802,TRANSPORTBUSSTOP,poi
0,86,656125568,TRANSPORTBUSSTOP,poi
0,87,3600485291,TRANSPORTSUBWAY,poi
0,88,1788337412,TRANSPORTSUBWAY,poi
0,89,2111812183,TRANSPORTBUSSTOP,poi
0,90,2391414255,TRANSPORTSUBWAY,poi
0,91,1923857599,HEALTHHOSPITAL,poi
0,92,2426893862,TRANSPORTBUSSTOP,poi
0,93,2738805604,ACCOMMOMOTEL,poi
0,94,4244819589,TRANSPORTBUSSTOP,poi
0,95,2738805603,SHOPBAKERY,poi
0,96,3369356933,TRANSPORTBUSSTOP,poi
0,97,4466016822,FOODRESTAURANT,poi
0,98,3369356931,FOODRESTAURANT,poi
0,99,1790295824,TRANSPORTBUSSTOP,poi,taxi,Tid710
0,100,1790295827,TRANSPORTBUSSTOP,poi
0,101,1802535960,SHOPDEPARTMENTSTORE,poi
0,102,1836427410,TRANSPORTBUSSTOP,poi
0,103,1836427413,TRANSPORTSUBWAY,poi
0,104,3369001431,TRANSPORTBUSSTOP,poi
0,105,3562647374,TRANSPORTBUSSTOP,poi
0,106,2391141207,TRANSPORTBUSSTOP,poi
0,107,1583217929,FOODBAR,poi
0,108,1635087226,TRANSPORTSUBWAY,poi
0,109,1635087228,FOODFASTFOOD,poi
0,110,3875613741,HEALTHPHARMACY,poi
0,111,1887279477,HEALTHHOSPITAL,poi
0,112,1861798638,TRANSPORTBUSSTOP,poi
0,113,2382659526,TRANSPORTBUSSTOP,poi
0,114,2382659521,TRANSPORTBUSSTOP,poi
0,115,2382659523,TRANSPORTSUBWAY,poi
0,116,2382659522,TRANSPORTBUSSTOP,poi
0,117,4142933090,TRANSPORTBUSSTOP,poi
0,118,4174668490,POIEMBASSY,poi
0,119,1859847378,TRANSPORTBUSSTOP,poi
0,120,4367055790,SHOPCONVENIENCE,poi
0,121,3588976953,TRANSPORTBUSSTOP,poi
0,122,2753132903,FOODRESTAURANT,poi
0,123,340410434,TOURISTNIGHTCLUB,poi
0,124,2481114916,TRANSPORTBUSSTOP,poi
0,125,4907460869,TRANSPORTBUSSTOP,poi
0,126,4564112820,TRANSPORTSUBWAY,poi
0,127,2481114919,TRANSPORTBUSSTOP,poi
0,128,2803000701,TRANSPORTBUSSTOP,poi
0,129,4498281091,TRANSPORTBUSSTOP,poi,taxi,Tid6850
0,130,2433525422,TRANSPORTBUSSTOP,poi
0,131,1860132008,TRANSPORTBUSSTOP,poi
0,132,342881409,TRANSPORTSUBWAY,poi
0,133,2284973436,SHOPCLOTHES,poi
0,134,2387121816,TRANSPORTSUBWAY,poi
0,135,4448938193,EDUCATIONNURSERY,poi
0,136,1732905195,TRANSPORTBUSSTOP,poi
0,137,4474393593,FOODRESTAURANT,poi
0,138,1419137261,SHOPGREENGROCER,poi
0,139,1592319256,TRANSPORTBUSSTOP,poi
0,140,245142590,TRANSPORTBUSSTOP,poi
0,141,1291601355,TRANSPORTBUSSTOP,poi
0,142,1841740753,TRANSPORTBUSSTOP,poi
0,143,1841740750,TRANSPORTBUSSTOP,poi
0,144,2057298025,TRANSPORTBUSSTOP,poi
0,145,1841740757,TRANSPORTBUSSTOP,poi,taxi,Tid777
0,146,1841740755,TRANSPORTBUSSTOP,poi
0,147,1772889901,TRANSPORTBUSSTOP,poi
0,148,1772889903,TRANSPORTSUBWAY,poi
0,149,1772889905,TRANSPORTBUSSTOP,poi
0,150,3562844229,TRANSPORTSUBWAY,poi
0,151,4277750096,TRANSPORTBUSSTOP,poi
0,152,1412740561,TRANSPORTBUSSTOP,poi
0,153,2191855567,SHOPBOOK,poi
0,154,2458217531,TRANSPORTBUSSTOP,poi
0,155,2299602175,TRANSPORTSUBWAY,poi
0,156,325683380,TRANSPORTBUSSTOP,poi
0,157,2299602171,ACCOMMOHOTEL,poi
0,158,1818888198,TRANSPORTBUSSTOP,poi
0,159,2299602178,TRANSPORTBUSSTOP,poi
0,160,2109249037,TRANSPORTBUSSTOP,poi
0,161,4365699093,TRANSPORTBUSSTOP,poi,taxi,Tid2446
0,162,1887279492,TRANSPORTBUSSTOP,poi
0,163,207221454,TRANSPORTBUSSTOP,poi
0,164,207221459,TRANSPORTBUSSTOP,poi
0,165,2501797158,TRANSPORTSUBWAY,poi
0,166,2480739025,TRANSPORTSUBWAY,poi
0,167,2480739026,TRANSPORTBUSSTOP,poi
0,168,1598651999,TRANSPORTBUSSTOP,poi
0,169,2501797155,TRANSPORTBUSSTOP,poi
0,170,5042003021,TRANSPORTBUSSTOP,poi
0,171,1869880135,TRANSPORTBUSSTOP,poi
0,172,1869880136,TRANSPORTBUSSTOP,poi
0,173,1074447770,TRANSPORTBUSSTOP,poi
0,174,1721651263,TRANSPORTBUSSTOP,poi
0,175,2680132016,TRANSPORTBUSSTOP,poi
0,176,4489507584,MONEYBANK,poi
0,177,3903840762,FOODBAR,poi
0,178,2719251280,TRANSPORTBUSSTOP,poi
0,179,1887180572,TRANSPORTSUBWAY,poi
0,180,1887180576,TRANSPORTBUSSTOP,poi
0,181,3581002138,TRANSPORTBUSSTOP,poi
0,182,4454350680,FOODRESTAURANT,poi
0,183,1859810469,TRANSPORTBUSSTOP,poi
0,184,2613461700,TRANSPORTBUSSTOP,poi
0,185,3506894020,TRANSPORTBUSSTOP,poi
0,186,332263578,TRANSPORTBUSSTOP,poi
0,187,2496302764,TRANSPORTBUSSTOP,poi
0,188,3523165591,SHOPCLOTHES,poi
0,189,734521002,TRANSPORTBUSSTOP,poi,taxi,Tid758
0,190,2481114920,TRANSPORTBUSSTOP,poi
0,191,457743832,SHOPVENDINGMASCHINE,poi
0,192,3536081755,LANDUSEGRASS,poi
0,193,1319019227,TRANSPORTBUSSTOP,poi
0,194,2753174262,TRANSPORTBUSSTOP,poi
0,195,1805915906,FOODRESTAURANT,poi
0,196,1805915900,TRANSPORTBUSSTOP,poi
0,197,2383234256,TRANSPORTBUSSTOP,poi
0,198,1721722906,TRANSPORTBUSSTOP,poi
0,199,3574930434,SHOPBICYCLE,poi
0,200,3090105642,SHOPSUPERMARKET,poi
0,201,3574930439,ACCOMMOHOTEL,poi
0,202,1709521419,TRANSPORTBUSSTOP,poi
0,203,4767328922,TRANSPORTBUSSTOP,poi
0,204,2056622408,TRANSPORTBUSSTOP,poi,taxi,Tid1186
0,205,1814002022,MONEYBANK,poi
0,206,1302986802,TRANSPORTBUSSTOP,poi
0,207,2462937724,TRANSPORTBUSSTOP,poi
0,208,5066639716,SHOPDEPARTMENTSTORE,poi
0,209,1686018471,TRANSPORTBUSSTOP,poi
0,210,2692382491,TRANSPORTBUSSTOP,poi
0,211,2056622406,TRANSPORTBUSSTOP,poi
0,212,2056622407,TRANSPORTBUSSTOP,poi
0,213,2620521123,TRANSPORTSUBWAY,poi
0,214,3500749698,TRANSPORTBUSSTOP,poi
0,215,3500749699,TRANSPORTBUSSTOP,poi
0,216,1754946812,TRANSPORTBUSSTOP,poi
0,217,4273043807,TRANSPORTBUSSTOP,poi
0,218,3500749694,SHOPHAIRDRESSER,poi
0,219,3500749695,FOODBAR,poi
0,220,4365608489,TRANSPORTBUSSTOP,poi
0,221,4217498076,TRANSPORTBUSSTOP,poi
0,222,4217498074,FOODRESTAURANT,poi
0,223,1841644236,TRANSPORTBUSSTOP,poi
0,224,4143120689,TRANSPORTBUSSTOP,poi
0,225,2418985691,ACCOMMOHOTEL,poi
0,226,4150606936,FOODRESTAURANT,poi
0,227,4375510708,TRANSPORTBUSSTOP,poi
0,228,2358611087,TRANSPORTBUSSTOP,poi
0,229,4769095761,TRANSPORTSUBWAY,poi
0,230,1499855299,TRANSPORTBUSSTOP,poi
0,231,340409094,TRANSPORTBUSSTOP,poi
0,232,1964712999,TRANSPORTBUSSTOP,poi
0,233,4275912990,TRANSPORTSUBWAY,poi,taxi,Tid5086
0,234,984103146,TRANSPORTSUBWAY,poi
0,235,1755873502,TRANSPORTBUSSTOP,poi
0,236,1835274700,TRANSPORTSUBWAY,poi
0,237,1835274703,TRANSPORTBUSSTOP,poi
0,238,2264132874,TRANSPORTBUSSTOP,poi
0,239,2264132875,MONEYBANK,poi
0,240,2048080283,MONEYBANK,poi
0,241,2048080282,TRANSPORTBUSSTOP,poi
0,242,2948749434,ACCOMMOHOTEL,poi
0,243,1817905783,TRANSPORTBUSSTOP,poi
0,244,2185439889,TRANSPORTBUSSTOP,poi
0,245,4277807289,SHOPBICYCLE,poi
0,246,3608656415,SHOPCLOTHES,poi,taxi,Tid9931
0,247,3574841456,TOURISTNIGHTCLUB,poi
0,248,1501538358,TRANSPORTSUBWAY,poi
0,249,1842559569,TRANSPORTBUSSTOP,poi
0,250,2957175333,TRANSPORTBUSSTOP,poi
0,251,3796461818,TRANSPORTSUBWAY,poi
0,252,3796461819,TRANSPORTBUSSTOP,poi
0,253,1974892115,TRANSPORTBUSSTOP,poi
0,254,5075044922,TRANSPORTBUSSTOP,poi
0,255,2351354771,TRANSPORTBUSSTOP,poi
0,256,2351354772,TRANSPORTBUSSTOP,poi
0,257,4255841289,ACCOMMOHOTEL,poi
0,258,2391414239,TRANSPORTBUSSTOP,poi
0,259,2480504939,AMENITYPOLICE,poi
0,260,1859818649,TRANSPORTBUSSTOP,poi
0,261,2363166332,TRANSPORTBUSSTOP,poi
0,262,2363166333,TRANSPORTBUSSTOP,poi
0,263,3530521697,SHOPBICYCLE,poi
0,264,1652482052,TRANSPORTBUSSTOP,poi
0,265,2480504937,TRANSPORTBUSSTOP,poi
0,266,3523128436,TRANSPORTBUSSTOP,poi
0,267,2586767240,TRANSPORTBUSSTOP,poi
0,268,1984344360,TRANSPORTBUSSTOP,poi
0,269,1819087386,FOODCAFE,poi
0,270,1942597516,TRANSPORTSUBWAY,poi
0,271,331879531,TRANSPORTBUSSTOP,poi
0,272,4564112817,TRANSPORTSUBWAY,poi
0,273,1802535936,TRANSPORTBUSSTOP,poi
0,274,4714241298,AMENITYPOSTOFFICE,poi
0,275,2533116248,TRANSPORTBUSSTOP,poi
0,276,1735331375,HEALTHPHARMACY,poi
0,277,1298050540,TRANSPORTBUSSTOP,poi
0,278,4714241296,TRANSPORTBUSSTOP,poi
0,279,1917449083,SHOPDEPARTMENTSTORE,poi
0,280,1192323481,TRANSPORTBUSSTOP,poi
0,281,4767311132,TRANSPORTBUSSTOP,poi
0,282,1790162885,TRANSPORTSUBWAY,poi
0,283,1790162886,TRANSPORTSUBWAY,poi
0,284,2782539007,MONEYBANK,poi
0,285,1718038282,TRANSPORTBUSSTOP,poi
0,286,1718038281,TRANSPORTSUBWAY,poi
0,287,4427145927,TRANSPORTBUSSTOP,poi
0,288,1679867336,FOODRESTAURANT,poi
0,289,1831342360,TRANSPORTBUSSTOP,poi
0,290,4079521784,TOURISTART,poi
0,291,1498573003,TRANSPORTBUSSTOP,poi
0,292,1747650148,TRANSPORTBUSSTOP,poi
0,293,1747650149,FOODRESTAURANT,poi
0,294,1765216485,SHOPDEPARTMENTSTORE,poi
0,295,3116216486,TRANSPORTBUSSTOP,poi
0,296,1765216483,SHOPCLOTHES,poi
0,297,1765216482,TRANSPORTBUSSTOP,poi
0,298,2262736075,SHOPALCOHOL,poi
0,299,2299602162,TRANSPORTSUBWAY,poi,taxi,Tid3091
0,300,1499794230,TRANSPORTBUSSTOP,poi
0,301,2512680944,TRANSPORTBUSSTOP,poi
0,302,1358709948,TRANSPORTSTATION,poi
0,303,1498573007,TRANSPORTBUSSTOP,poi
0,304,1840733246,SHOPSUPERMARKET,poi
0,305,1840733245,ACCOMMOHOTEL,poi
0,306,1840733244,TRANSPORTBUSSTOP,poi
0,307,2010541497,TRANSPORTBUSSTOP,poi,taxi,Tid4177
0,308,1742640272,TRANSPORTBUSSTOP,poi
0,309,2010541495,MONEYBANK,poi
0,310,1869644255,TRANSPORTBUSSTOP,poi,taxi,Tid7408
0,311,1767323020,TRANSPORTBUSSTOP,poi
0,312,1351272526,TRANSPORTSUBWAY,poi
0,313,1869644251,TRANSPORTBUSSTOP,poi
0,314,4365619892,TRANSPORTBUSSTOP,poi
0,315,4748124924,TRANSPORTBUSSTOP,poi
0,316,2010541499,TRANSPORTBUSSTOP,poi
0,317,2010541498,SHOPPHONE,poi
0,318,820094091,FOODCAFE,poi
0,319,325683404,TRANSPORTBUSSTOP,poi
0,320,1298408238,TRANSPORTBUSSTOP,poi,taxi,Tid38
0,321,4597614913,FOODRESTAURANT,poi
0,322,2463036111,AMENITYPOSTOFFICE,poi
0,323,1080681293,TRANSPORTBUSSTOP,poi
0,324,2684958522,FOODRESTAURANT,poi
0,325,1080681295,TRANSPORTBUSSTOP,poi
0,326,600265656,MONEYBANK,poi
0,327,2103119708,TOURISTNIGHTCLUB,poi
0,328,2496909070,TRANSPORTBUSSTOP,poi
0,329,1652646153,TRANSPORTBUSSTOP,poi
0,330,1721502374,TRANSPORTSUBWAY,poi
0,331,2512687089,TRANSPORTBUSSTOP,poi
0,332,4346000190,TRANSPORTBUSSTOP,poi
0,333,1869880129,TRANSPORTBUSSTOP,poi
0,334,3536293548,FOODRESTAURANT,poi
0,335,4937678122,AMENITYPOLICE,poi
0,336,1420930927,TRANSPORTBUSSTOP,poi
0,337,2465692952,TRANSPORTSUBWAY,poi
0,338,1984649065,TRANSPORTBUSSTOP,poi
0,339,339085844,TRANSPORTBUSSTOP,poi
0,340,1637887214,TRANSPORTSUBWAY,poi
0,341,262773384,TRANSPORTBUSSTOP,poi
0,342,2822247970,TRANSPORTBUSSTOP,poi
0,343,3506894014,SHOPHAIRDRESSER,poi
0,344,3859922208,FOODRESTAURANT,poi
0,345,3307007683,FOODBAR,poi
0,346,2523924219,SHOPBICYCLE,poi
0,347,1742929952,TOURISTATTRACTION,poi
0,348,1408034407,TRANSPORTBUSSTOP,poi
0,349,2299895650,MONEYBANK,poi
0,350,1745124479,TRANSPORTBUSSTOP,poi
0,351,3058767836,FOODFASTFOOD,poi
0,352,1415638736,ACCOMMOHOTEL,poi
0,353,2021079432,TRANSPORTBUSSTOP,poi
0,354,2948739534,FOODRESTAURANT,poi
0,355,340409955,FOODCAFE,poi
0,356,1408034667,SHOPCONVENIENCE,poi
0,357,1652482066,TRANSPORTBUSSTOP,poi
0,358,1350216305,TRANSPORTBUSSTOP,poi
0,359,1192374100,TRANSPORTFUEL,poi
0,360,1977776223,TRANSPORTBUSSTOP,poi
0,361,2103042061,TRANSPORTBUSSTOP,poi
0,362,1502696900,FOODRESTAURANT,poi,taxi,Tid4608
0,363,1502696905,TRANSPORTBUSSTOP,poi
0,364,1502696907,TRANSPORTBUSSTOP,poi
0,365,1502682553,TRANSPORTBUSSTOP,poi
0,366,1502682557,TRANSPORTBUSSTOP,poi
0,367,1502682555,SHOPCLOTHES,poi
0,368,4769095732,TRANSPORTBUSSTOP,poi
0,369,1502682558,TRANSPORTBUSSTOP,poi
0,370,76457686,TOURISTART,poi
0,371,1742835333,TRANSPORTBUSSTOP,poi
0,372,2523924325,FOODRESTAURANT,poi
0,373,3562991128,TRANSPORTSUBWAY,poi
0,374,1408034714,TRANSPORTSUBWAY,poi
0,375,2458116636,TRANSPORTBUSSTOP,poi
0,376,2250187731,TRANSPORTSUBWAY,poi
0,377,1726426162,TRANSPORTSUBWAY,poi
0,378,1808642421,TRANSPORTBUSSTOP,poi
0,379,4564112795,ACCOMMOHOTEL,poi
0,380,1736267220,TRANSPORTFUEL,poi
0,381,2383234304,ACCOMMOHOTEL,poi
0,382,2299824670,FOODRESTAURANT,poi
0,383,4217498068,TRANSPORTBUSSTOP,poi
0,384,4217498069,TRANSPORTBUSSTOP,poi
0,385,1499694441,TRANSPORTBUSSTOP,poi
0,386,1499694440,TRANSPORTBUSSTOP,poi
0,387,1583578426,TRANSPORTBUSSTOP,poi
0,388,1800370135,TRANSPORTBUSSTOP,poi
0,389,1808649484,TRANSPORTBUSSTOP,poi
0,390,1419861954,TRANSPORTBUSSTOP,poi
0,391,1419861952,TRANSPORTSUBWAY,poi
0,392,3574930281,ACCOMMOHOTEL,poi
0,393,2264698066,TRANSPORTBUSSTOP,poi
0,394,4167797689,SHOPPHONE,poi
0,395,1984756127,TRANSPORTBUSSTOP,poi,taxi,Tid9620
0,396,2202984043,HEALTHPHARMACY,poi
0,397,1417716389,TRANSPORTBUSSTOP,poi
0,398,2425583532,TRANSPORTBUSSTOP,poi
0,399,4177524557,SHOPSUPERMARKET,poi
0,400,1817905789,TRANSPORTBUSSTOP,poi
0,401,1423967073,TRANSPORTBUSSTOP,poi
0,402,2391414238,TRANSPORTBUSSTOP,poi
0,403,1412183189,TRANSPORTBUSSTOP,poi
0,404,600238274,TRANSPORTBUSSTOP,poi
0,405,297407376,TRANSPORTBUSSTOP,poi
0,406,4396944692,TRANSPORTBUSSTOP,poi
0,407,1858353684,TRANSPORTBUSSTOP,poi
0,408,2469032098,TRANSPORTBUSSTOP,poi
0,409,2469032097,TRANSPORTBUSSTOP,poi
0,410,1702679756,TRANSPORTBUSSTOP,poi
0,411,1991884114,TRANSPORTBUSSTOP,poi
0,412,2480776652,TRANSPORTBUSSTOP,poi
0,413,2383302604,FOODRESTAURANT,poi
0,414,339090100,SHOPDEPARTMENTSTORE,poi
0,415,339090107,TRANSPORTBUSSTOP,poi
0,416,3551275570,TRANSPORTSUBWAY,poi
0,417,1412818649,TRANSPORTBUSSTOP,poi
0,418,4273043697,TRANSPORTBUSSTOP,poi
0,419,2629273652,FOODCAFE,poi
0,420,1942597520,TRANSPORTBUSSTOP,poi
0,421,1984344377,TRANSPORTBUSSTOP,poi
0,422,1942597525,TRANSPORTBUSSTOP,poi
0,423,1984344373,TRANSPORTBUSSTOP,poi
0,424,2623025030,TRANSPORTSUBWAY,poi
0,425,340410090,TRANSPORTBUSSTOP,poi
0,426,2102414889,TRANSPORTBUSSTOP,poi
0,427,1351202217,TRANSPORTBUSSTOP,poi
0,428,1554171696,TRANSPORTSUBWAY,poi
0,429,2513551881,TRANSPORTSUBWAY,poi
0,430,4564112805,TRANSPORTBUSSTOP,poi
0,431,1679929334,TRANSPORTBUSSTOP,poi
0,432,2469751720,TRANSPORTBUSSTOP,poi
0,433,1679929333,TRANSPORTBUSSTOP,poi
0,434,4167796794,TRANSPORTSUBWAY,poi
0,435,734419318,TRANSPORTBUSSTOP,poi
0,436,4167796791,TRANSPORTBUSSTOP,poi
0,437,2620557432,TRANSPORTBUSSTOP,poi
0,438,3523128440,MONEYBANK,poi
0,439,2383212973,TRANSPORTBUSSTOP,poi
0,440,343186049,TRANSPORTBUSSTOP,poi
0,441,2383212976,TRANSPORTBUSSTOP,poi
0,442,339086220,TRANSPORTBUSSTOP,poi
0,443,2449562458,AMENITYLIBRARY,poi
0,444,2449562456,FOODRESTAURANT,poi
0,445,2449562457,TRANSPORTBUSSTOP,poi,taxi,Tid2320
0,446,2501844508,TRANSPORTBUSSTOP,poi
0,447,4365574092,FOODRESTAURANT,poi,taxi,Tid6898
0,448,1790168957,TRANSPORTBUSSTOP,poi
0,449,1984466442,TRANSPORTBUSSTOP,poi
0,450,4176504084,FOODRESTAURANT,poi
0,451,1360087497,TRANSPORTBUSSTOP,poi
0,452,4427145933,TRANSPORTBUSSTOP,poi
0,453,1831342355,TRANSPORTBUSSTOP,poi
0,454,4932471221,TRANSPORTBUSSTOP,poi
0,455,1831342357,TRANSPORTBUSSTOP,poi
0,456,1922032253,TRANSPORTBUSSTOP,poi
0,457,2351371648,TRANSPORTBUSSTOP,poi
0,458,2433585113,TRANSPORTBUSSTOP,poi
0,459,3523311288,TRANSPORTBUSSTOP,poi
0,460,2262757727,TRANSPORTSUBWAY,poi
0,461,217337715,TRANSPORTBUSSTOP,poi
0,462,1420627401,TRANSPORTBUSSTOP,poi
0,463,3804527827,MONEYBANK,poi
0,464,340260308,TRANSPORTSUBWAY,poi
0,465,4172502189,TRANSPORTBUSSTOP,poi
0,466,366533615,TRANSPORTBUSSTOP,poi
0,467,277313539,TRANSPORTBUSSTOP,poi
0,468,1811066559,TRANSPORTBUSSTOP,poi
0,469,2036213468,TRANSPORTBUSSTOP,poi
0,470,3688773906,TRANSPORTBUSSTOP,poi
0,471,2036213465,TRANSPORTBUSSTOP,poi
0,472,2036213467,TRANSPORTBUSSTOP,poi
0,473,1767323019,TRANSPORTBUSSTOP,poi
0,474,2485071542,TRANSPORTBUSSTOP,poi
0,475,2997106103,TRANSPORTBUSSTOP,poi
0,476,1807611509,TRANSPORTSUBWAY,poi
0,477,2575677161,TRANSPORTBUSSTOP,poi
0,478,3536230065,FOODBAR,poi
0,479,180188846,TRANSPORTBUSSTOP,poi
0,480,167654402,FOODRESTAURANT,poi
0,481,1737630862,TRANSPORTBUSSTOP,poi
0,482,1737630863,TRANSPORTBUSSTOP,poi
0,483,1737630864,TRANSPORTBUSSTOP,poi,taxi,Tid6599
0,484,1737630865,TRANSPORTSUBWAY,poi
0,485,1737630866,TRANSPORTBUSSTOP,poi
0,486,1737630867,TRANSPORTBUSSTOP,poi
0,487,1807791894,AMENITYPOSTOFFICE,poi
0,488,1848649982,HEALTHHOSPITAL,poi
0,489,1807791899,TRANSPORTBUSSTOP,poi
0,490,1807791898,TRANSPORTBUSSTOP,poi
0,491,4365600790,TRANSPORTBUSSTOP,poi
0,492,2103119710,TRANSPORTSUBWAY,poi
0,493,2103119711,TRANSPORTBUSSTOP,poi,taxi,Tid3653
0,494,2103119712,SHOPBICYCLE,poi
0,495,2103119713,TRANSPORTSUBWAY,poi
0,496,2391353200,TRANSPORTBUSSTOP,poi
0,497,2697516131,TRANSPORTBUSSTOP,poi
0,498,4269626291,SHOPCONVENIENCE,poi
0,499,610845933,SHOPHIFI,poi
0,500,2262802931,TRANSPORTBUSSTOP,poi
0,501,1408034527,TRANSPORTBUSSTOP,poi
0,502,2469776262,TRANSPORTSUBWAY,poi
0,503,234248684,SHOPBICYCLE,poi
0,504,1700842336,TRANSPORTBUSSTOP,poi
0,505,264826135,TRANSPORTBUSSTOP,poi
0,506,2381805079,TRANSPORTBUSSTOP,poi
0,507,1761980791,MONEYBANK,poi
0,508,2623037340,TRANSPORTBUSSTOP,poi
0,509,1761980793,TRANSPORTBUSSTOP,poi
0,510,1761980792,TRANSPORTBUSSTOP,poi,taxi,Tid6034
0,511,1761980795,TRANSPORTBUSSTOP,poi
0,512,1761980794,SHOPKIOSK,poi
0,513,1499686367,TOURISTMONUMENT,poi
0,514,1301959286,TRANSPORTBUSSTOP,poi
0,515,262773673,TRANSPORTBUSSTOP,poi
0,516,3098255240,FOODRESTAURANT,poi
0,517,4148548619,TRANSPORTBUSSTOP,poi
0,518,1887180569,TRANSPORTBUSSTOP,poi
0,519,2387120001,TRANSPORTBUSSTOP,poi
0,520,1790499040,TRANSPORTBUSSTOP,poi
0,521,3506894000,SHOPBICYCLE,poi
0,522,4322635119,TRANSPORTBUSSTOP,poi
0,523,2481086493,TRANSPORTBUSSTOP,poi
0,524,2558656100,TRANSPORTBUSSTOP,poi
0,525,2175147640,TRANSPORTBUSSTOP,poi
0,526,2175147645,TRANSPORTBUSSTOP,poi
0,527,1742929942,FOODBAR,poi
0,528,2286379033,TRANSPORTBUSSTOP,poi
0,529,1736406162,LANDUSEGRASS,poi
0,530,3401499162,TRANSPORTBUSSTOP,poi
0,531,3401499163,TRANSPORTBUSSTOP,poi
0,532,1408034676,TRANSPORTBUSSTOP,poi
0,533,2383234279,SHOPBICYCLE,poi
0,534,4161651903,TRANSPORTBUSSTOP,poi
0,535,2383234273,TRANSPORTBUSSTOP,poi
0,536,1571553623,TRANSPORTBUSSTOP,poi
0,537,1734313041,TRANSPORTSUBWAY,poi
0,538,2048039907,TRANSPORTBUSSTOP,poi
0,539,2048039905,TRANSPORTBUSSTOP,poi
0,540,175384521,AMENITYLIBRARY,poi
0,541,1364282703,TRANSPORTBUSSTOP,poi
0,542,1826719896,TRANSPORTBUSSTOP,poi
0,543,2048039908,TRANSPORTBUSSTOP,poi
0,544,1363488761,MONEYBANK,poi
0,545,2498080830,TRANSPORTBUSSTOP,poi
0,546,1660324216,TRANSPORTBUSSTOP,poi
0,547,1363488762,TRANSPORTBUSSTOP,poi
0,548,1408034708,TRANSPORTBUSSTOP,poi
0,549,1363488766,TRANSPORTBUSSTOP,poi,taxi,Tid4585
0,550,3160583161,MONEYBANK,poi
0,551,3551275581,TRANSPORTBUSSTOP,poi
0,552,1861757949,TRANSPORTSUBWAY,poi
0,553,2387116749,TRANSPORTBUSSTOP,poi
0,554,2383234316,SHOPPHONE,poi
0,555,4315893490,SHOPDEPARTMENTSTORE,poi
0,556,872047433,TRANSPORTBUSSTOP,poi
0,557,1675448966,TRANSPORTSUBWAY,poi
0,558,2383234311,TRANSPORTBUSSTOP,poi
0,559,3498817357,TOURISTNIGHTCLUB,poi
0,560,4108994589,TRANSPORTSUBWAY,poi
0,561,3369459842,TRANSPORTBUSSTOP,poi
0,562,3369459840,FOODRESTAURANT,poi
0,563,3369459846,TRANSPORTBUSSTOP,poi
0,564,3369459847,TRANSPORTBUSSTOP,poi
0,565,4285793889,TRANSPORTBUSSTOP,poi
0,566,3540685080,SHOPKIOSK,poi
0,567,3540685082,TRANSPORTBUSSTOP,poi
0,568,1359090015,TRANSPORTSUBWAY,poi
0,569,1817956166,TRANSPORTSUBWAY,poi
0,570,1747614208,TRANSPORTBUSSTOP,poi
0,571,1802866325,TRANSPORTBUSSTOP,poi
0,572,1802866327,TRANSPORTBUSSTOP,poi
0,573,1802866326,TRANSPORTBUSSTOP,poi
0,574,2458170369,TRANSPORTBUSSTOP,poi
0,575,2458170368,TRANSPORTBUSSTOP,poi
0,576,1802866323,TRANSPORTBUSSTOP,poi,taxi,Tid5940
0,577,1802866322,TRANSPORTBUSSTOP,poi
0,578,4109376190,FOODRESTAURANT,poi
0,579,1802866329,TRANSPORTBUSSTOP,poi
0,580,323144869,TRANSPORTBUSSTOP,poi
0,581,1356404784,TRANSPORTFUEL,poi
0,582,3574840875,TRANSPORTBUSSTOP,poi
0,583,3504845920,TRANSPORTBUSSTOP,poi
0,584,3574840871,FOODRESTAURANT,poi
0,585,4486955791,TRANSPORTBUSSTOP,poi
0,586,2351371649,TRANSPORTBUSSTOP,poi
0,587,3536015304,SHOPDEPARTMENTSTORE,poi
0,588,1840840585,TRANSPORTBUSSTOP,poi
0,589,2108460149,TRANSPORTBUSSTOP,poi
0,590,2262819248,TRANSPORTBUSSTOP,poi
0,591,2518362427,TRANSPORTBUSSTOP,poi
0,592,4367074492,TRANSPORTBUSSTOP,poi
0,593,3451552032,TRANSPORTBUSSTOP,poi
0,594,1736446997,TRANSPORTBUSSTOP,poi
0,595,1736446998,TRANSPORTBUSSTOP,poi
0,596,5002396421,TRANSPORTSUBWAY,poi
0,597,2091794144,TRANSPORTBUSSTOP,poi
0,598,2480938122,MONEYBANK,poi
0,599,2299885005,TRANSPORTBUSSTOP,poi
0,600,604775353,TRANSPORTBUSSTOP,poi
0,601,2099399338,TRANSPORTBUSSTOP,poi
0,602,1666820705,TRANSPORTSUBWAY,poi
0,603,2414692510,SHOPALCOHOL,poi
0,604,2099399332,TRANSPORTSUBWAY,poi
0,605,345274907,TRANSPORTBUSSTOP,poi
0,606,1853224527,TRANSPORTBUSSTOP,poi
0,607,737186928,HEALTHHOSPITAL,poi
0,608,1654065042,TRANSPORTSUBWAY,poi
0,609,1420957587,TRANSPORTSUBWAY,poi
0,610,1736447004,TRANSPORTBUSSTOP,poi
0,611,3608688074,TRANSPORTBUSSTOP,poi
0,612,1942597531,TRANSPORTBUSSTOP,poi
0,613,3049751233,TRANSPORTBUSSTOP,poi
0,614,2299797050,TRANSPORTBUSSTOP,poi
0,615,4167797091,TRANSPORTBUSSTOP,poi
0,616,4167797090,TRANSPORTSUBWAY,poi
0,617,2056613815,MONEYBANK,poi
0,618,4427128428,TRANSPORTBUSSTOP,poi
0,619,1851806806,FOODFASTFOOD,poi
0,620,2102414894,TRANSPORTBUSSTOP,poi
0,621,1851806802,TRANSPORTBUSSTOP,poi
0,622,1364072149,SHOPKIOSK,poi,taxi,Tid5067
0,623,1364072148,MONEYBANK,poi
0,624,1598454375,TRANSPORTSTATION,poi
0,625,1502633998,FOODRESTAURANT,poi
0,626,2480727453,TRANSPORTBUSSTOP,poi
0,627,2480727450,TRANSPORTBUSSTOP,poi
0,628,1502633997,TRANSPORTSUBWAY,poi
0,629,2262773429,TRANSPORTSUBWAY,poi
0,630,339089932,TRANSPORTBUSSTOP,poi
0,631,339086745,TRANSPORTSUBWAY,poi
0,632,1816255879,TRANSPORTBUSSTOP,poi
0,633,2558704491,TRANSPORTBUSSTOP,poi
0,634,2299602159,TRANSPORTBUSSTOP,poi
0,635,2433585106,TRANSPORTBUSSTOP,poi
0,636,2433585100,TRANSPORTBUSSTOP,poi
0,637,2433585103,TRANSPORTBUSSTOP,poi
0,638,1709525125,SHOPCONVENIENCE,poi
0,639,1788535717,TRANSPORTFUEL,poi
0,640,2351371650,TRANSPORTSUBWAY,poi
0,641,2351371651,TRANSPORTSUBWAY,poi
0,642,4440577617,MONEYBANK,poi
0,643,3818290331,TRANSPORTBUSSTOP,poi
0,644,4440577618,TRANSPORTBUSSTOP,poi
0,645,2382554763,TRANSPORTBUSSTOP,poi
0,646,4365624190,ACCOMMOMOTEL,poi
0,647,3363577821,TRANSPORTBUSSTOP,poi
0,648,339086364,TRANSPORTBUSSTOP,poi
0,649,2383345313,TRANSPORTBUSSTOP,poi
0,650,339089807,TRANSPORTBUSSTOP,poi
0,651,1673386299,TRANSPORTBUSSTOP,poi
0,652,2299602152,FOODFASTFOOD,poi
0,653,4476695790,TRANSPORTBUSSTOP,poi
0,654,1808642419,ACCOMMOHOTEL,poi
0,655,2515011113,SHOPCONVENIENCE,poi
0,656,2515011115,TRANSPORTBUSSTOP,poi
0,657,2515011116,TRANSPORTBUSSTOP,poi
0,658,2515011117,TRANSPORTSUBWAY,poi
0,659,1858374457,SHOPCOMPUTER,poi
0,660,1349201997,TRANSPORTBUSSTOP,poi
0,661,1767323018,ACCOMMOHOTEL,poi
0,662,4365569589,TRANSPORTBUSSTOP,poi
0,663,2383241731,SHOPBICYCLE,poi
0,664,2383241732,TRANSPORTBUSSTOP,poi
0,665,2383241733,TRANSPORTSUBWAY,poi
0,666,2037967977,SHOPBOOK,poi
0,667,1803850942,FOODBIERGARTEN,poi
0,668,340260004,TRANSPORTBUSSTOP,poi
0,669,1736505477,TRANSPORTBUSSTOP,poi,taxi,Tid7430
0,670,2433565037,TRANSPORTBUSSTOP,poi,taxi,Tid4725
0,671,2433565034,TRANSPORTBUSSTOP,poi
0,672,1687138938,TRANSPORTSUBWAY,poi
0,673,2433565033,TRANSPORTSUBWAY,poi
0,674,1943225320,TRANSPORTBUSSTOP,poi
0,675,2433565038,TRANSPORTBUSSTOP,poi
0,676,2433565039,TRANSPORTBUSSTOP,poi
0,677,2010768206,TRANSPORTBUSSTOP,poi
0,678,2010768202,TRANSPORTBUSSTOP,poi
0,679,2623037353,TRANSPORTSUBWAY,poi
0,680,4159673730,TRANSPORTBUSSTOP,poi
0,681,3111874779,TRANSPORTBUSSTOP,poi
0,682,3514943303,TRANSPORTSUBWAY,poi
0,683,1831342359,TRANSPORTBUSSTOP,poi
0,684,2216783917,TRANSPORTBUSSTOP,poi
0,685,1507357678,TRANSPORTBUSSTOP,poi
0,686,2383331343,TOURISTART,poi
0,687,2175147634,TRANSPORTBUSSTOP,poi
0,688,2481086489,TRANSPORTSUBWAY,poi
0,689,4603612192,SHOPBOOK,poi
0,690,1554253386,TRANSPORTBUSSTOP,poi
0,691,1742929974,FOODBAR,poi
0,692,533707711,TRANSPORTBUSSTOP,poi
0,693,3401499157,TRANSPORTBUSSTOP,poi
0,694,35722742,TRANSPORTSUBWAY,poi
0,695,1599493532,TRANSPORTBUSSTOP,poi
0,696,2286379027,HEALTHDENTIST,poi
0,697,1298408217,TRANSPORTBUSSTOP,poi
0,698,2286379023,TRANSPORTBUSSTOP,poi
0,699,1861592889,TRANSPORTSUBWAY,poi
0,700,4367038890,TRANSPORTBUSSTOP,poi
0,701,1849465607,TRANSPORTBUSSTOP,poi
0,702,1849465599,TRANSPORTBUSSTOP,poi
0,703,2383234268,MONEYBANK,poi
0,704,2987547934,MONEYBANK,poi
0,705,737043848,TRANSPORTBUSSTOP,poi
0,706,2662698126,TRANSPORTBUSSTOP,poi
0,707,2250115555,TRANSPORTBUSSTOP,poi
0,708,3698246726,TRANSPORTBUSSTOP,poi
0,709,1933312339,TRANSPORTBUSSTOP,poi
0,710,3308821449,TRANSPORTBUSSTOP,poi
0,711,2498080827,TRANSPORTBUSSTOP,poi
0,712,377430559,TRANSPORTBUSSTOP,poi
0,713,366532998,TRANSPORTBUSSTOP,poi
0,714,1836367425,TRANSPORTBUSSTOP,poi
0,715,4803705321,TRANSPORTBUSSTOP,poi
0,716,289276157,TRANSPORTBUSSTOP,poi
0,717,1803571079,TRANSPORTBUSSTOP,poi
0,718,1803571078,MONEYBANK,poi
0,719,4618050456,TOURISTART,poi
0,720,1861757953,TRANSPORTSTATION,poi
0,721,325684677,TRANSPORTSUBWAY,poi
0,722,1599489665,TRANSPORTBUSSTOP,poi,taxi,Tid2943
0,723,1599489660,SHOPCLOTHES,poi
0,724,528928174,TRANSPORTBUSSTOP,poi
0,725,3536081789,TRANSPORTBUSSTOP,poi
0,726,4618050458,TRANSPORTBUSSTOP,poi
0,727,528925729,TRANSPORTBUSSTOP,poi
0,728,2520627659,SHOPCONVENIENCE,poi,taxi,Tid4213
0,729,3580864560,TRANSPORTBUSSTOP,poi
0,730,3369459839,ACCOMMOMOTEL,poi
0,731,1930752188,TRANSPORTBUSSTOP,poi
0,732,3369459833,TRANSPORTBUSSTOP,poi
0,733,3369459832,TRANSPORTSUBWAY,poi
0,734,1357688158,TRANSPORTBUSSTOP,poi
0,735,1817956170,TRANSPORTBUSSTOP,poi
0,736,2288037408,TRANSPORTBUSSTOP,poi
0,737,1747614211,TRANSPORTBUSSTOP,poi
0,738,3369001433,FOODRESTAURANT,poi
0,739,321853817,TRANSPORTBUSSTOP,poi
0,740,2458170373,TRANSPORTBUSSTOP,poi
0,741,2458170370,TRANSPORTBUSSTOP,poi
0,742,1419861972,TRANSPORTBUSSTOP,poi
0,743,2458170376,TRANSPORTBUSSTOP,poi,taxi,Tid7766
0,744,2487906480,FOODRESTAURANT,poi
0,745,2458170374,TRANSPORTBUSSTOP,poi
0,746,1788406253,TRANSPORTSUBWAY,poi
0,747,3951207286,TRANSPORTBUSSTOP,poi
0,748,3765322289,TRANSPORTSUBWAY,poi
0,749,1085309402,TRANSPORTBUSSTOP,poi
0,750,848392921,TRANSPORTSUBWAY,poi
0,751,3504845936,FOODBAR,poi
0,752,3504845937,FOODRESTAURANT,poi
0,753,3504845935,SPORTLEISURECENTER,poi
0,754,995942259,TRANSPORTBUSSTOP,poi
0,755,1802535930,MONEYBANK,poi
0,756,1590250781,TOURISTNIGHTCLUB,poi
0,757,1802903265,TRANSPORTSUBWAY,poi
0,758,2513662699,SHOPDEPARTMENTSTORE,poi
0,759,1788428540,TRANSPORTBUSSTOP,poi
0,760,2462937719,TRANSPORTBUSSTOP,poi
0,761,2383274538,TRANSPORTBUSSTOP,poi
0,762,1842559539,TRANSPORTBUSSTOP,poi
0,763,1417716342,TRANSPORTBUSSTOP,poi
0,764,1762059779,SHOPDEPARTMENTSTORE,poi
0,765,3965237829,TRANSPORTBUSSTOP,poi
0,766,3523198596,TRANSPORTSUBWAY,poi
0,767,2383146362,FOODRESTAURANT,poi
0,768,1848754005,FOODRESTAURANT,poi
0,769,2010680210,TRANSPORTBUSSTOP,poi
0,770,2262802932,TRANSPORTSUBWAY,poi
0,771,3530332791,TRANSPORTBUSSTOP,poi
0,772,2098962180,TRANSPORTSUBWAY,poi
0,773,4769094809,TRANSPORTBUSSTOP,poi
0,774,4769094805,TRANSPORTBUSSTOP,poi
0,775,1802866330,TRANSPORTSUBWAY,poi
0,776,4365591789,TRANSPORTBUSSTOP,poi
0,777,1736633988,FOODPUB,poi
0,778,3608688061,TRANSPORTSUBWAY,poi
0,779,1807656315,TRANSPORTBUSSTOP,poi
0,780,2803038001,TRANSPORTBUSSTOP,poi
0,781,1423043092,TRANSPORTBUSSTOP,poi
0,782,2382659525,TRANSPORTSUBWAY,poi
0,783,1806072538,TRANSPORTBUSSTOP,poi
0,784,2558622290,TRANSPORTBUSSTOP,poi
0,785,4137849449,TRANSPORTSUBWAY,poi
0,786,1836524020,TRANSPORTSUBWAY,poi
0,787,1679752290,TRANSPORTBUSSTOP,poi
0,788,165161568,TRANSPORTBUSSTOP,poi
0,789,4137849442,TRANSPORTBUSSTOP,poi
0,790,4137849445,TRANSPORTSUBWAY,poi
0,791,4137849444,TRANSPORTBUSSTOP,poi
0,792,1918819677,TRANSPORTSUBWAY,poi
0,793,4137849446,TRANSPORTBUSSTOP,poi
0,794,1527882212,TRANSPORTBUSSTOP,poi
0,795,1700842335,TRANSPORTBUSSTOP,poi
0,796,1836504884,TRANSPORTBUSSTOP,poi
0,797,2703762781,TRANSPORTBUSSTOP,poi
0,798,2511408457,TRANSPORTSUBWAY,poi
0,799,1851784967,TRANSPORTBUSSTOP,poi
0,800,2469032100,TRANSPORTBUSSTOP,poi
0,801,2480776653,TRANSPORTBUSSTOP,poi
0,802,2480776656,TRANSPORTBUSSTOP,poi
0,803,2480776654,TRANSPORTBUSSTOP,poi
0,804,2480776655,TRANSPORTSUBWAY,poi
0,805,3574930443,SHOPDEPARTMENTSTORE,poi
0,806,3835418657,FOODFASTFOOD,poi
0,807,1816203738,MONEYBANK,poi
0,808,340409366,TRANSPORTBUSSTOP,poi
0,809,1852933749,TRANSPORTBUSSTOP,poi
0,810,2351365819,TRANSPORTBUSSTOP,poi
0,811,1300399164,TRANSPORTBUSSTOP,poi
0,812,2103086133,TRANSPORTBUSSTOP,poi
0,813,984108155,TRANSPORTSUBWAY,poi
0,814,1362276543,TRANSPORTSUBWAY,poi
0,815,2578148704,TRANSPORTBUSSTOP,poi
0,816,4315631190,TRANSPORTBUSSTOP,poi
0,817,1359089771,TRANSPORTBUSSTOP,poi
0,818,1636776955,TRANSPORTBUSSTOP,poi
0,819,1636776954,TRANSPORTSTATION,poi
0,820,2512661951,TRANSPORTBUSSTOP,poi
0,821,2094586153,TRANSPORTBUSSTOP,poi
0,822,1636776952,TRANSPORTSTATION,poi
0,823,4693038890,TRANSPORTBUSSTOP,poi
0,824,2782544180,TRANSPORTBUSSTOP,poi
0,825,2533116246,TRANSPORTBUSSTOP,poi
0,826,2533116247,HEALTHPHARMACY,poi
0,827,2533116245,EDUCATIONSCHOOL,poi
0,828,2533116243,TRANSPORTBUSSTOP,poi
0,829,2533116241,TRANSPORTBUSSTOP,poi
0,830,3806136957,FOODRESTAURANT,poi
0,831,2623037343,FOODRESTAURANT,poi
0,832,2482497797,TRANSPORTBUSSTOP,poi,taxi,Tid5772
0,833,2533116249,TRANSPORTBUSSTOP,poi
0,834,4380798190,TRANSPORTBUSSTOP,poi
0,835,1886848852,TRANSPORTBUSSTOP,poi
0,836,656086850,TRANSPORTBUSSTOP,poi
0,837,2010656159,TRANSPORTBUSSTOP,poi
0,838,2515011125,MONEYBANK,poi,taxi,Tid9446
0,839,4792902021,TRANSPORTBUSSTOP,poi
0,840,2515011127,TRANSPORTBUSSTOP,poi
0,841,2515011126,TRANSPORTSTATION,poi
0,842,2515011123,TRANSPORTBUSSTOP,poi
0,843,2358646263,TRANSPORTBUSSTOP,poi
0,844,2363154571,TRANSPORTBUSSTOP,poi
0,845,2358646267,TRANSPORTBUSSTOP,poi
0,846,2358646265,TRANSPORTSUBWAY,poi
0,847,2496303445,TRANSPORTBUSSTOP,poi
0,848,3416862536,TRANSPORTBUSSTOP,poi
0,849,4164796390,TRANSPORTBUSSTOP,poi
0,850,1869955280,TRANSPORTBUSSTOP,poi
0,851,1367439171,TRANSPORTBUSSTOP,poi
0,852,4438432289,TRANSPORTBUSSTOP,poi
0,853,1742862015,TRANSPORTSUBWAY,poi
0,854,1367439176,TRANSPORTFUEL,poi
0,855,1742862018,FOODRESTAURANT,poi
0,856,342954672,TRANSPORTBUSSTOP,poi
0,857,2010768211,TRANSPORTBUSSTOP,poi
0,858,2109360180,TRANSPORTBUSSTOP,poi
0,859,2056581721,TRANSPORTBUSSTOP,poi
0,860,1888583359,TRANSPORTBUSSTOP,poi
0,861,2480788844,TRANSPORTBUSSTOP,poi,taxi,Tid2046
0,862,2056581720,TRANSPORTBUSSTOP,poi
0,863,2418894067,TRANSPORTBUSSTOP,poi
0,864,2418894066,POIEMBASSY,poi
0,865,1802595181,TRANSPORTBUSSTOP,poi
0,866,2519732120,FOODRESTAURANT,poi
0,867,1802686300,TRANSPORTSUBWAY,poi
0,868,1964359768,TRANSPORTBUSSTOP,poi
0,869,2099458604,TRANSPORTBUSSTOP,poi
0,870,2064911015,TOURISTART,poi
0,871,2175147623,TRANSPORTBUSSTOP,poi
0,872,1836518314,TRANSPORTBUSSTOP,poi
0,873,1836518311,TRANSPORTBUSSTOP,poi
0,874,1840653678,TRANSPORTBUSSTOP,poi
0,875,737043858,FOODFASTFOOD,poi
0,876,4269480690,SHOPSUPERMARKET,poi
0,877,4448942197,TRANSPORTSUBWAY,poi
0,878,737043854,TRANSPORTBUSSTOP,poi
0,879,4289910190,TRANSPORTBUSSTOP,poi
0,880,2383234297,TRANSPORTBUSSTOP,poi
0,881,1827348393,TRANSPORTFUEL,poi
0,882,1298050525,TRANSPORTBUSSTOP,poi
0,883,4769095745,TRANSPORTSUBWAY,poi
0,884,4769095747,TRANSPORTSUBWAY,poi
0,885,1802903259,FOODRESTAURANT,poi
0,886,2098898405,TRANSPORTBUSSTOP,poi
0,887,1423628594,HEALTHHOSPITAL,poi
0,888,3797748786,TRANSPORTBUSSTOP,poi
0,889,1423628593,TRANSPORTBUSSTOP,poi
0,890,1423628592,TRANSPORTBUSSTOP,poi
0,891,1977814629,TRANSPORTBUSSTOP,poi
0,892,3562991110,SHOPCONVENIENCE,poi
0,893,339099503,TRANSPORTBUSSTOP,poi
0,894,3562991119,TRANSPORTBUSSTOP,poi
0,895,4365619889,TRANSPORTSUBWAY,poi
0,896,3950032313,FOODRESTAURANT,poi
0,897,1501633117,TRANSPORTBUSSTOP,poi
0,898,1721502351,TRANSPORTBUSSTOP,poi
0,899,3536081669,TRANSPORTBUSSTOP,poi
0,900,2381678737,TRANSPORTBUSSTOP,poi,taxi,Tid10054
0,901,1808755142,TRANSPORTBUSSTOP,poi
0,902,340409480,TOURISTART,poi
0,903,1765118888,FOODRESTAURANT,poi
0,904,4724147439,TRANSPORTBUSSTOP,poi
0,905,2453865651,TRANSPORTBUSSTOP,poi
0,906,1422005576,TRANSPORTBUSSTOP,poi
0,907,2382665113,TRANSPORTBUSSTOP,poi
0,908,2109375467,TRANSPORTSUBWAY,poi
0,909,2382665118,TRANSPORTBUSSTOP,poi
0,910,2418985659,ACCOMMOHOTEL,poi
0,911,2109375469,TRANSPORTSUBWAY,poi
0,912,995927993,TRANSPORTBUSSTOP,poi
0,913,3765322290,TRANSPORTSUBWAY,poi
0,914,1419861967,TRANSPORTBUSSTOP,poi
0,915,2490857432,TRANSPORTBUSSTOP,poi
0,916,3379212804,TRANSPORTBUSSTOP,poi
0,917,4418324189,SHOPGREENGROCER,poi
0,918,1419861968,TRANSPORTBUSSTOP,poi,taxi,Tid451
0,919,1419861969,TRANSPORTBUSSTOP,poi
0,920,1790399377,TRANSPORTBUSSTOP,poi
0,921,3523198618,SHOPSUPERMARKET,poi
0,922,3523198616,TRANSPORTSUBWAY,poi
0,923,1305750649,TRANSPORTBUSSTOP,poi
0,924,2056581723,TRANSPORTBUSSTOP,poi
0,925,2264612982,TRANSPORTSUBWAY,poi
0,926,2490851853,TRANSPORTBUSSTOP,poi
0,927,2490851852,TRANSPORTBUSSTOP,poi
0,928,2250295207,TRANSPORTBUSSTOP,poi
0,929,2575686330,TRANSPORTSUBWAY,poi
0,930,3500749705,SHOPBOOK,poi
0,931,3500749706,TRANSPORTBUSSTOP,poi
0,932,4661988691,TRANSPORTSUBWAY,poi
0,933,2575686338,TRANSPORTBUSSTOP,poi
0,934,1721713084,FOODRESTAURANT,poi
0,935,2383274545,TRANSPORTBUSSTOP,poi
0,936,109497827,TRANSPORTBUSSTOP,poi
0,937,1840840581,TRANSPORTBUSSTOP,poi
0,938,2057298027,TRANSPORTBUSSTOP,poi
0,939,2383274546,TRANSPORTBUSSTOP,poi
0,940,2091794160,TRANSPORTBUSSTOP,poi
0,941,2383274543,TRANSPORTBUSSTOP,poi
0,942,2383274542,TRANSPORTBUSSTOP,poi
0,943,2383274541,TRANSPORTBUSSTOP,poi
0,944,1840840588,TRANSPORTBUSSTOP,poi
0,945,1300399200,TRANSPORTBUSSTOP,poi
0,946,4450096589,TOURISTART,poi,taxi,Tid3765,Tid9208
0,947,1841740751,SHOPBICYCLE,poi
0,948,1350293320,TRANSPORTBUSSTOP,poi
0,949,3362693214,FOODRESTAURANT,poi
0,950,1736313298,TRANSPORTBUSSTOP,poi
0,951,2347911594,TRANSPORTSUBWAY,poi
0,952,2442701980,TRANSPORTBUSSTOP,poi
0,953,3401499161,TRANSPORTBUSSTOP,poi
0,954,2512549704,TRANSPORTBUSSTOP,poi
0,955,4278085693,AMENITYPOSTOFFICE,poi
0,956,1734208836,TRANSPORTBUSSTOP,poi
0,957,1736633990,TRANSPORTBUSSTOP,poi
0,958,1736633992,TRANSPORTBUSSTOP,poi,taxi,Tid6845
0,959,1736633993,SHOPCLOTHES,poi
0,960,277313632,TRANSPORTSUBWAY,poi
0,961,1808642431,TRANSPORTBUSSTOP,poi
0,962,1808642430,TRANSPORTBUSSTOP,poi
0,963,2490579770,SHOPBICYCLE,poi
0,964,429611181,POIEMBASSY,poi
0,965,2586745052,TOURISTNIGHTCLUB,poi
0,966,2383316966,TRANSPORTBUSSTOP,poi
0,967,4564112855,TRANSPORTSUBWAY,poi
0,968,340258011,TRANSPORTBUSSTOP,poi,taxi,Tid7047
0,969,2358666258,TRANSPORTBUSSTOP,poi
0,970,146633673,TRANSPORTBUSSTOP,poi
0,971,2358666255,SHOPBICYCLE,poi
0,972,2358666257,TRANSPORTBUSSTOP,poi
0,973,2358666251,TRANSPORTBUSSTOP,poi
0,974,2358666252,TRANSPORTBUSSTOP,poi
0,975,2462948265,POIEMBASSY,poi
0,976,3536081757,TRANSPORTBUSSTOP,poi
0,977,2383182305,TRANSPORTBUSSTOP,poi
0,978,2383182304,TRANSPORTBUSSTOP,poi
0,979,1527882209,TRANSPORTBUSSTOP,poi
0,980,1788551528,TRANSPORTBUSSTOP,poi
0,981,4503942338,TRANSPORTSUBWAY,poi
0,982,1737610093,TRANSPORTBUSSTOP,poi
0,983,4367035891,TRANSPORTBUSSTOP,poi
0,984,4269562889,TRANSPORTBUSSTOP,poi
0,985,4367035893,TRANSPORTBUSSTOP,poi
0,986,608738912,TRANSPORTBUSSTOP,poi
0,987,1686969202,TRANSPORTBUSSTOP,poi
0,988,4367035293,SHOPDEPARTMENTSTORE,poi
0,989,761252267,TRANSPORTBUSSTOP,poi
0,990,1790399330,SHOPSUPERMARKET,poi
0,991,339086167,TRANSPORTBUSSTOP,poi
0,992,1840751423,TRANSPORTBUSSTOP,poi,taxi,Tid9509
0,993,1840751422,TRANSPORTBUSSTOP,poi
0,994,1840751421,FOODRESTAURANT,poi
0,995,1840751420,TRANSPORTBUSSTOP,poi
0,996,474559641,SHOPBAKERY,poi
0,997,1686969204,TRANSPORTBUSSTOP,poi
0,998,1840751425,TRANSPORTBUSSTOP,poi
0,999,1840751424,TRANSPORTBUSSTOP,poi
0,1000,1684131015,TRANSPORTSUBWAY,poi
0,1001,2264412974,FOODRESTAURANT,poi
0,1002,3651680155,SHOPDEPARTMENTSTORE,poi
0,1003,2111812185,TRANSPORTBUSSTOP,poi
0,1004,1734208304,TRANSPORTBUSSTOP,poi
0,1005,1886848848,TRANSPORTBUSSTOP,poi
0,1006,3162661102,SHOPBICYCLE,poi
0,1007,1673386344,TRANSPORTSUBWAY,poi
0,1008,2048039906,TRANSPORTBUSSTOP,poi
0,1009,2363154564,TRANSPORTBUSSTOP,poi
0,1010,2363154568,TRANSPORTBUSSTOP,poi
0,1011,1498066907,TRANSPORTSUBWAY,poi
0,1012,1362315784,FOODRESTAURANT,poi
0,1013,1836707182,TRANSPORTBUSSTOP,poi
0,1014,1487205079,TRANSPORTFUEL,poi
0,1015,3698246734,TRANSPORTBUSSTOP,poi
0,1016,1836554648,TRANSPORTBUSSTOP,poi
0,1017,1419898276,TRANSPORTBUSSTOP,poi
0,1018,2299838052,TRANSPORTSUBWAY,poi
0,1019,1419898275,TRANSPORTBUSSTOP,poi
0,1020,2426943664,TRANSPORTBUSSTOP,poi
0,1021,2299838055,TRANSPORTBUSSTOP,poi
0,1022,2299838054,TRANSPORTSUBWAY,poi
0,1023,746856415,SHOPCLOTHES,poi
0,1024,2430761187,TRANSPORTBUSSTOP,poi
0,1025,2430761184,TRANSPORTBUSSTOP,poi
0,1026,1942535753,TRANSPORTFUEL,poi
0,1027,1636776949,TRANSPORTBUSSTOP,poi
0,1028,3540564232,FOODRESTAURANT,poi
0,1029,2558686627,TRANSPORTBUSSTOP,poi
0,1030,3540564230,TRANSPORTBUSSTOP,poi
0,1031,3540564237,SHOPBOOK,poi
0,1032,3540564236,TOURISTMONUMENT,poi
0,1033,3540564235,SHOPDEPARTMENTSTORE,poi
0,1034,339095053,TRANSPORTBUSSTOP,poi
0,1035,2418894074,TRANSPORTBUSSTOP,poi
0,1036,3581002189,FOODPUB,poi
0,1037,2418894078,TRANSPORTSUBWAY,poi
0,1038,2264603625,TRANSPORTBUSSTOP,poi
0,1039,1449318393,TRANSPORTBUSSTOP,poi
0,1040,1974915226,TRANSPORTSUBWAY,poi
0,1041,1974915225,TRANSPORTBUSSTOP,poi
0,1042,1449318397,TRANSPORTBUSSTOP,poi
0,1043,1449318396,TRANSPORTBUSSTOP,poi,taxi,Tid5115
0,1044,3828341021,TRANSPORTBUSSTOP,poi
0,1045,1449318398,TRANSPORTSUBWAY,poi
0,1046,3045822133,TRANSPORTBUSSTOP,poi
0,1047,1974915229,TRANSPORTBUSSTOP,poi
0,1048,1974915228,TRANSPORTBUSSTOP,poi
0,1049,2498080831,TRANSPORTBUSSTOP,poi
0,1050,2299866956,SHOPBICYCLE,poi
0,1051,1790342429,TRANSPORTBUSSTOP,poi
0,1052,1790342428,TRANSPORTBUSSTOP,poi
0,1053,1836494962,TRANSPORTSUBWAY,poi
0,1054,2430779663,TRANSPORTFUEL,poi
0,1055,2430779662,MONEYBANK,poi
0,1056,2430779661,TRANSPORTSUBWAY,poi
0,1057,1836518307,TRANSPORTBUSSTOP,poi
0,1058,2430779665,TRANSPORTBUSSTOP,poi
0,1059,2430779664,TRANSPORTBUSSTOP,poi
0,1060,1826703261,TRANSPORTBUSSTOP,poi
0,1061,1346786880,TRANSPORTSUBWAY,poi
0,1062,1297038732,TRANSPORTBUSSTOP,poi
0,1063,2957106333,TRANSPORTBUSSTOP,poi
0,1064,1736610791,TRANSPORTBUSSTOP,poi
0,1065,2383234285,TRANSPORTBUSSTOP,poi
0,1066,1736610798,TRANSPORTBUSSTOP,poi
0,1067,2383255445,TRANSPORTBUSSTOP,poi
0,1068,324664308,TRANSPORTBUSSTOP,poi
0,1069,1679699020,TRANSPORTBUSSTOP,poi
0,1070,2047943300,TRANSPORTBUSSTOP,poi
0,1071,2047943303,TRANSPORTSUBWAY,poi
0,1072,1498573012,TRANSPORTBUSSTOP,poi
0,1073,1498573011,TRANSPORTBUSSTOP,poi,taxi,Tid700
0,1074,1500086855,TRANSPORTBUSSTOP,poi
0,1075,1501633128,FOODBAR,poi
0,1076,1501633125,TRANSPORTBUSSTOP,poi
0,1077,1885548573,FOODRESTAURANT,poi
0,1078,1501633121,TRANSPORTBUSSTOP,poi
0,1079,1501633122,TRANSPORTBUSSTOP,poi
0,1080,1754955257,TRANSPORTBUSSTOP,poi
0,1081,1747691604,TRANSPORTBUSSTOP,poi
0,1082,4275052090,FOODFASTFOOD,poi
0,1083,3540685053,TOURISTMONUMENT,poi
0,1084,2824198789,HEALTHPHARMACY,poi
0,1085,1206918963,TRANSPORTBUSSTOP,poi
0,1086,2502434594,SHOPCONVENIENCE,poi
0,1087,4564112660,ACCOMMOMOTEL,poi
0,1088,1502696897,TRANSPORTBUSSTOP,poi
0,1089,1498082439,TRANSPORTBUSSTOP,poi
0,1090,2458220617,TRANSPORTBUSSTOP,poi
0,1091,1652505370,TRANSPORTBUSSTOP,poi
0,1092,2496303537,TRANSPORTBUSSTOP,poi
0,1093,3193640085,TRANSPORTBUSSTOP,poi
0,1094,294123632,TRANSPORTSUBWAY,poi
0,1095,1806466526,TRANSPORTBUSSTOP,poi
0,1096,3540564211,TRANSPORTBUSSTOP,poi
0,1097,4769095799,TRANSPORTBUSSTOP,poi
0,1098,2098804278,FOODCAFE,poi
0,1099,2382564271,ACCOMMOMOTEL,poi
0,1100,2098804271,TRANSPORTBUSSTOP,poi
0,1101,2382564273,TRANSPORTBUSSTOP,poi
0,1102,2098804277,TRANSPORTBUSSTOP,poi
0,1103,1292924842,TRANSPORTBUSSTOP,poi
0,1104,2098804274,TRANSPORTBUSSTOP,poi
0,1105,2941393502,TRANSPORTBUSSTOP,poi
0,1106,1719007181,TRANSPORTBUSSTOP,poi
0,1107,244252374,TRANSPORTBUSSTOP,poi
0,1108,1719007188,ACCOMMOHOTEL,poi
0,1109,4326494590,TRANSPORTBUSSTOP,poi
0,1110,3073531163,FOODBAR,poi
0,1111,1869797352,TRANSPORTSUBWAY,poi
0,1112,1869797355,TRANSPORTBUSSTOP,poi
0,1113,995932708,TRANSPORTSUBWAY,poi
0,1114,3807736827,TRANSPORTBUSSTOP,poi
0,1115,2480504942,TRANSPORTBUSSTOP,poi
0,1116,1808562678,TRANSPORTBUSSTOP,poi,taxi,Tid8390
0,1117,4769094820,TRANSPORTBUSSTOP,poi
0,1118,4316545793,TRANSPORTBUSSTOP,poi
0,1119,694056616,TRANSPORTBUSSTOP,poi
0,1120,2501839034,TRANSPORTBUSSTOP,poi
0,1121,4281363692,TRANSPORTBUSSTOP,poi
0,1122,3608688080,SHOPCONVENIENCE,poi
0,1123,1736461136,TRANSPORTBUSSTOP,poi
0,1124,1742670813,TRANSPORTBUSSTOP,poi
0,1125,1858839659,TRANSPORTBUSSTOP,poi
0,1126,1736461139,TRANSPORTBUSSTOP,poi
0,1127,1808642423,TRANSPORTBUSSTOP,poi
0,1128,1870746093,TRANSPORTSUBWAY,poi
0,1129,1582805260,MONEYBANK,poi
0,1130,4167796592,FOODBAR,poi
0,1131,4167796594,SHOPDEPARTMENTSTORE,poi
0,1132,4564112846,TRANSPORTBUSSTOP,poi
0,1133,4564112842,TRANSPORTSUBWAY,poi
0,1134,2383182303,TRANSPORTSUBWAY,poi
0,1135,4928565001,TRANSPORTSUBWAY,poi
0,1136,1501669867,TRANSPORTSUBWAY,poi,taxi,Tid9035
0,1137,33458501,TRANSPORTSUBWAY,poi
0,1138,321415764,TRANSPORTBUSSTOP,poi
0,1139,1836457711,FOODRESTAURANT,poi
0,1140,4450182205,TRANSPORTBUSSTOP,poi
0,1141,1977788643,TRANSPORTBUSSTOP,poi
0,1142,2047960612,TRANSPORTSUBWAY,poi
0,1143,2047960613,TRANSPORTBUSSTOP,poi
0,1144,1861492161,TRANSPORTBUSSTOP,poi
0,1145,1497409732,TRANSPORTBUSSTOP,poi
0,1146,1861492163,TRANSPORTBUSSTOP,poi
0,1147,4367056191,TRANSPORTBUSSTOP,poi
0,1148,1737610088,TRANSPORTBUSSTOP,poi
0,1149,1737610089,EDUCATIONSCHOOL,poi
0,1150,1887279502,TRANSPORTBUSSTOP,poi
0,1151,1737610087,MONEYBANK,poi
0,1152,2619565905,TRANSPORTBUSSTOP,poi
0,1153,2619565907,TRANSPORTBUSSTOP,poi
0,1154,2458070919,TRANSPORTBUSSTOP,poi
0,1155,1548965444,TRANSPORTBUSSTOP,poi
0,1156,2458070916,TRANSPORTBUSSTOP,poi
0,1157,3518560546,TOURISTNIGHTCLUB,poi
0,1158,3518560544,TRANSPORTFUEL,poi
0,1159,3518560545,FOODRESTAURANT,poi
0,1160,1491061883,TRANSPORTBUSSTOP,poi
0,1161,1669647776,TRANSPORTBUSSTOP,poi
0,1162,2363178362,TRANSPORTSUBWAY,poi
0,1163,2418985675,MONEYBANK,poi
0,1164,2299602190,SHOPBAKERY,poi
0,1165,1647665668,FOODBAR,poi
0,1166,2578084044,TRANSPORTBUSSTOP,poi
0,1167,318265958,TRANSPORTBUSSTOP,poi
0,1168,1686018465,TRANSPORTBUSSTOP,poi
0,1169,2512571096,EDUCATIONSCHOOL,poi
0,1170,2512571099,TRANSPORTBUSSTOP,poi
0,1171,2512571098,TRANSPORTBUSSTOP,poi
0,1172,2363154557,TRANSPORTBUSSTOP,poi
0,1173,984106224,TRANSPORTSUBWAY,poi
0,1174,4391667789,TRANSPORTBUSSTOP,poi
0,1175,2519732039,MONEYBANK,poi
0,1176,2502382329,TRANSPORTBUSSTOP,poi
0,1177,1852504539,TRANSPORTBUSSTOP,poi
0,1178,2504963395,TRANSPORTBUSSTOP,poi
0,1179,4139856520,TRANSPORTBUSSTOP,poi
0,1180,4139856521,TRANSPORTBUSSTOP,poi,taxi,Tid6616
0,1181,4139856522,TRANSPORTBUSSTOP,poi
0,1182,4139856523,TRANSPORTBUSSTOP,poi
0,1183,1788551527,TRANSPORTBUSSTOP,poi
0,1184,2504963398,TRANSPORTBUSSTOP,poi
0,1185,1636776939,TRANSPORTBUSSTOP,poi
0,1186,3045830833,MONEYBANK,poi
0,1187,3540564222,SHOPBOOK,poi
0,1188,1737610090,TRANSPORTSUBWAY,poi
0,1189,2264143415,TRANSPORTBUSSTOP,poi
0,1190,3581002191,TOURISTNIGHTCLUB,poi
0,1191,4365610693,TRANSPORTBUSSTOP,poi
0,1192,1974915231,TRANSPORTBUSSTOP,poi
0,1193,1813979439,SHOPBICYCLE,poi
0,1194,1790342431,TRANSPORTBUSSTOP,poi
0,1195,1790342434,TRANSPORTBUSSTOP,poi
0,1196,1790342437,TRANSPORTBUSSTOP,poi
0,1197,2509419588,TRANSPORTBUSSTOP,poi
0,1198,1836494971,TRANSPORTBUSSTOP,poi
0,1199,1806085503,TRANSPORTBUSSTOP,poi
0,1200,2099471226,TRANSPORTBUSSTOP,poi
0,1201,2520565021,TRANSPORTSUBWAY,poi
0,1202,1802903273,TRANSPORTSUBWAY,poi
0,1203,1826719909,TRANSPORTSUBWAY,poi
0,1204,4298797695,SHOPCONVENIENCE,poi
0,1205,1736610781,TRANSPORTBUSSTOP,poi
0,1206,2383255452,TRANSPORTBUSSTOP,poi
0,1207,4769095769,TRANSPORTSUBWAY,poi
0,1208,528931992,SHOPBICYCLE,poi
0,1209,2854308912,TRANSPORTBUSSTOP,poi
0,1210,2468419429,TRANSPORTBUSSTOP,poi
0,1211,2578066990,TRANSPORTBUSSTOP,poi
0,1212,339090184,TRANSPORTSUBWAY,poi,taxi,Tid2405
0,1213,1743058278,TRANSPORTBUSSTOP,poi
0,1214,1501633130,TRANSPORTBUSSTOP,poi
0,1215,1501633131,TRANSPORTBUSSTOP,poi
0,1216,4769096326,AMENITYPOLICE,poi
0,1217,1498573006,FOODRESTAURANT,poi
0,1218,2981987334,TRANSPORTBUSSTOP,poi
0,1219,1498573008,TRANSPORTBUSSTOP,poi
0,1220,1364282601,TRANSPORTBUSSTOP,poi,taxi,Tid561
0,1221,1364282600,TRANSPORTBUSSTOP,poi
0,1222,1721502370,TRANSPORTBUSSTOP,poi
0,1223,1296155057,TRANSPORTSUBWAY,poi
0,1224,2480760620,MONEYBANK,poi
0,1225,2480760621,TRANSPORTBUSSTOP,poi
0,1226,4365663790,TRANSPORTBUSSTOP,poi
0,1227,2264440906,TRANSPORTSUBWAY,poi
0,1228,2473411489,TRANSPORTBUSSTOP,poi
0,1229,2299627810,TRANSPORTBUSSTOP,poi
0,1230,2299627812,TRANSPORTBUSSTOP,poi
0,1231,4349689997,TRANSPORTSUBWAY,poi
0,1232,3551277926,TRANSPORTBUSSTOP,poi
0,1233,3725597528,TRANSPORTBUSSTOP,poi
0,1234,4406898897,TRANSPORTBUSSTOP,poi
0,1235,3574841296,SHOPBICYCLE,poi
0,1236,1803739650,TRANSPORTBUSSTOP,poi
0,1237,3053715983,MONEYBANK,poi
0,1238,3608656476,SHOPDEPARTMENTSTORE,poi
0,1239,3608656475,SHOPCONVENIENCE,poi
0,1240,1922041660,TRANSPORTBUSSTOP,poi
0,1241,1922041661,TRANSPORTBUSSTOP,poi
0,1242,1734071973,TRANSPORTBUSSTOP,poi
0,1243,1734071975,FOODRESTAURANT,poi
0,1244,3608656479,TRANSPORTBUSSTOP,poi
0,1245,340258817,TRANSPORTSUBWAY,poi
0,1246,3530515363,FOODCAFE,poi
0,1247,1288686966,TRANSPORTBUSSTOP,poi
0,1248,2262819249,TRANSPORTBUSSTOP,poi
0,1249,4769095787,TRANSPORTBUSSTOP,poi,taxi,Tid2240
0,1250,1719007191,TRANSPORTBUSSTOP,poi
0,1251,1719007193,TRANSPORTBUSSTOP,poi
0,1252,3066542276,SHOPCONVENIENCE,poi
0,1253,2473335577,TRANSPORTBUSSTOP,poi
0,1254,2414692514,MONEYBANK,poi
0,1255,1807638221,TRANSPORTBUSSTOP,poi
0,1256,2299885006,FOODFASTFOOD,poi
0,1257,2299885007,TRANSPORTBUSSTOP,poi
0,1258,2010673385,TRANSPORTBUSSTOP,poi
0,1259,1598502540,TRANSPORTBUSSTOP,poi
0,1260,2383192292,TRANSPORTBUSSTOP,poi
0,1261,2383192293,TRANSPORTBUSSTOP,poi
0,1262,2383192291,TRANSPORTBUSSTOP,poi
0,1263,2383192296,TRANSPORTBUSSTOP,poi
0,1264,2383192294,TRANSPORTSUBWAY,poi,taxi,Tid4816
0,1265,1978960515,TRANSPORTSUBWAY,poi
0,1266,1808642418,ACCOMMOHOTEL,poi
0,1267,1802537858,TRANSPORTSUBWAY,poi
0,1268,4171067092,TRANSPORTBUSSTOP,poi
0,1269,3581001952,TRANSPORTBUSSTOP,poi
0,1270,1410718549,TRANSPORTBUSSTOP,poi
0,1271,1742670812,TRANSPORTBUSSTOP,poi
0,1272,2500614441,TRANSPORTBUSSTOP,poi
0,1273,2493752862,SHOPCOMPUTER,poi
0,1274,2264619553,ACCOMMOMOTEL,poi
0,1275,1984677216,TRANSPORTBUSSTOP,poi
0,1276,439874975,FOODBAR,poi
0,1277,322447230,FOODFASTFOOD,poi
0,1278,290598399,TRANSPORTBUSSTOP,poi
0,1279,875461477,TRANSPORTBUSSTOP,poi
0,1280,2288050453,TRANSPORTBUSSTOP,poi
0,1281,2823852212,TRANSPORTBUSSTOP,poi
0,1282,2010075810,TRANSPORTBUSSTOP,poi
0,1283,1805918908,TRANSPORTBUSSTOP,poi
0,1284,1634945984,TRANSPORTBUSSTOP,poi
0,1285,321803071,TRANSPORTSUBWAY,poi
0,1286,2497087282,TRANSPORTBUSSTOP,poi
0,1287,2418894056,SHOPCLOTHES,poi
0,1288,2010074632,TRANSPORTBUSSTOP,poi
0,1289,2418894054,TRANSPORTBUSSTOP,poi
0,1290,1666825342,TRANSPORTBUSSTOP,poi
0,1291,2302258065,TRANSPORTBUSSTOP,poi
0,1292,2302258063,TRANSPORTBUSSTOP,poi
0,1293,1858839666,TRANSPORTBUSSTOP,poi
0,1294,339086329,FOODPUB,poi
0,1295,1637880400,TRANSPORTSUBWAY,poi
0,1296,2299602183,TRANSPORTSUBWAY,poi
0,1297,2299602181,TRANSPORTBUSSTOP,poi
0,1298,2299602186,TRANSPORTBUSSTOP,poi
0,1299,1683647782,TRANSPORTSUBWAY,poi
0,1300,2382672728,FOODFASTFOOD,poi
0,1301,528926456,TRANSPORTBUSSTOP,poi
0,1302,4115084807,TRANSPORTBUSSTOP,poi
0,1303,2382672727,TRANSPORTBUSSTOP,poi
0,1304,3562734801,FOODRESTAURANT,poi
0,1305,3367857705,TRANSPORTBUSSTOP,poi,taxi,Tid2920
0,1306,339092170,TRANSPORTBUSSTOP,poi
0,1307,2454650342,SHOPSUPERMARKET,poi
0,1308,2010656160,TRANSPORTBUSSTOP,poi,taxi,Tid4400
0,1309,1802402460,TRANSPORTBUSSTOP,poi
0,1310,1940001097,TRANSPORTBUSSTOP,poi
0,1311,1771677089,TRANSPORTBUSSTOP,poi
0,1312,4803116722,TRANSPORTBUSSTOP,poi
0,1313,233134836,SHOPALCOHOL,poi
0,1314,3565525927,TRANSPORTBUSSTOP,poi
0,1315,4365616689,TRANSPORTBUSSTOP,poi
0,1316,2391106052,TRANSPORTBUSSTOP,poi
0,1317,342775913,TRANSPORTBUSSTOP,poi
0,1318,1737610058,TRANSPORTBUSSTOP,poi
0,1319,3540564218,SHOPCLOTHES,poi
0,1320,2285986325,TRANSPORTBUSSTOP,poi
0,1321,3540564215,TRANSPORTBUSSTOP,poi
0,1322,3540564217,TRANSPORTBUSSTOP,poi
0,1323,3540564216,SHOPDEPARTMENTSTORE,poi
0,1324,2948749934,TRANSPORTBUSSTOP,poi
0,1325,3540564210,SHOPCONVENIENCE,poi
0,1326,1737610055,TRANSPORTBUSSTOP,poi
0,1327,1737610054,TRANSPORTBUSSTOP,poi
0,1328,2957106133,SHOPDEPARTMENTSTORE,poi
0,1329,2442795270,TOURISTART,poi
0,1330,1790499033,TRANSPORTBUSSTOP,poi
0,1331,1349005633,POICITY,poi
0,1332,2519732112,TOURISTART,poi
0,1333,2519732113,LANDUSEGRASS,poi
0,1334,294117071,TRANSPORTBUSSTOP,poi
0,1335,2523924272,TRANSPORTBUSSTOP,poi
0,1336,1802779264,TRANSPORTBUSSTOP,poi
0,1337,2056636799,TRANSPORTBUSSTOP,poi
0,1338,1807477869,TRANSPORTBUSSTOP,poi
0,1339,2056636801,TRANSPORTBUSSTOP,poi
0,1340,2056636802,TRANSPORTBUSSTOP,poi
0,1341,2504943776,TRANSPORTBUSSTOP,poi,taxi,Tid8053
0,1342,2504943777,SHOPDEPARTMENTSTORE,poi
0,1343,2504943774,ACCOMMOHOTEL,poi
0,1344,2504943775,TRANSPORTSUBWAY,poi
0,1345,1802903269,ACCOMMOMOTEL,poi
0,1346,1802903266,TRANSPORTBUSSTOP,poi
0,1347,1802903267,TRANSPORTBUSSTOP,poi,taxi,Tid9533
0,1348,339084979,TRANSPORTBUSSTOP,poi
0,1349,1408034486,TRANSPORTSUBWAY,poi
0,1350,1802903263,TRANSPORTBUSSTOP,poi,taxi,Tid6503
0,1351,2512607823,TRANSPORTBUSSTOP,poi
0,1352,1726180628,TRANSPORTBUSSTOP,poi
0,1353,3580912415,TRANSPORTBUSSTOP,poi
0,1354,1673394714,TRANSPORTBUSSTOP,poi
0,1355,3580912411,SHOPDEPARTMENTSTORE,poi
0,1356,4936322923,TRANSPORTBUSSTOP,poi
0,1357,4915390727,TRANSPORTBUSSTOP,poi
0,1358,4600840889,TRANSPORTSUBWAY,poi
0,1359,2418894059,FOODFASTFOOD,poi
0,1360,1742670816,TRANSPORTBUSSTOP,poi
0,1361,1350250931,TRANSPORTBUSSTOP,poi
0,1362,2418894053,TRANSPORTSUBWAY,poi
0,1363,1350250932,MONEYBANK,poi
0,1364,2468419432,ACCOMMOHOTEL,poi
0,1365,2418894057,MONEYBANK,poi
0,1366,2468419430,TRANSPORTBUSSTOP,poi
0,1367,2468419431,TRANSPORTBUSSTOP,poi
0,1368,2173856443,TRANSPORTBUSSTOP,poi
0,1369,1721502368,TRANSPORTBUSSTOP,poi
0,1370,4911853604,TRANSPORTBUSSTOP,poi
0,1371,4196588109,TRANSPORTBUSSTOP,poi
0,1372,1984535502,TRANSPORTSUBWAY,poi
0,1373,1721502367,TRANSPORTBUSSTOP,poi
0,1374,339088654,TRANSPORTBUSSTOP,poi,taxi,Tid8150
0,1375,4603616590,TRANSPORTBUSSTOP,poi,taxi,Tid4194
0,1376,2056636797,TRANSPORTBUSSTOP,poi
0,1377,2497153818,TRANSPORTBUSSTOP,poi
0,1378,1984649059,TRANSPORTBUSSTOP,poi,taxi,Tid6570
0,1379,2056636798,TRANSPORTSUBWAY,poi
0,1380,2480760617,TRANSPORTBUSSTOP,poi
0,1381,2480760613,TRANSPORTSUBWAY,poi
0,1382,1984344346,TRANSPORTBUSSTOP,poi
0,1383,269698692,ACCOMMOHOTEL,poi
0,1384,2487543070,TRANSPORTBUSSTOP,poi
0,1385,2426943667,TRANSPORTBUSSTOP,poi
0,1386,1419892788,TRANSPORTBUSSTOP,poi
0,1387,339088788,TRANSPORTBUSSTOP,poi
0,1388,1554253378,TRANSPORTBUSSTOP,poi
0,1389,2558635056,TRANSPORTBUSSTOP,poi
0,1390,1840814552,TRANSPORTSUBWAY,poi
0,1391,1803739649,TRANSPORTBUSSTOP,poi
0,1392,3583724533,FOODRESTAURANT,poi
0,1393,3583724532,TRANSPORTSTATION,poi
0,1394,293181334,TRANSPORTBUSSTOP,poi
0,1395,3523198627,SHOPCONVENIENCE,poi
0,1396,2056581714,SHOPCONVENIENCE,poi
0,1397,2262757729,TRANSPORTBUSSTOP,poi
0,1398,2056581712,TRANSPORTBUSSTOP,poi
0,1399,339099394,TRANSPORTBUSSTOP,poi
0,1400,2056581719,TRANSPORTBUSSTOP,poi
0,1401,1765018150,TRANSPORTBUSSTOP,poi
0,1402,3536230070,TRANSPORTBUSSTOP,poi
0,1403,3551277911,TRANSPORTSUBWAY,poi
0,1404,1742862022,FOODRESTAURANT,poi,taxi,Tid3800,Tid7259
0,1405,1301959299,TRANSPORTSUBWAY,poi
0,1406,2539904744,TRANSPORTBUSSTOP,poi
0,1407,2513551913,TRANSPORTBUSSTOP,poi
0,1408,2091794134,TRANSPORTSUBWAY,poi
0,1409,1419118454,TRANSPORTBUSSTOP,poi,taxi,Tid8629
0,1410,1816203770,TRANSPORTBUSSTOP,poi
0,1411,2558604831,TRANSPORTBUSSTOP,poi
0,1412,3441002498,SHOPSUPERMARKET,poi
0,1413,273111613,TOURISTMONUMENT,poi
0,1414,2482565193,TRANSPORTBUSSTOP,poi
0,1415,2482565192,TRANSPORTBUSSTOP,poi
0,1416,339085194,TRANSPORTSUBWAY,poi
0,1417,4358215237,TRANSPORTBUSSTOP,poi
0,1418,1771738178,TRANSPORTBUSSTOP,poi
0,1419,973328216,TRANSPORTBUSSTOP,poi
0,1420,2426918334,TRANSPORTSUBWAY,poi
0,1421,2408411362,TRANSPORTBUSSTOP,poi
0,1422,2408411363,FOODBAR,poi
0,1423,1805922630,FOODRESTAURANT,poi
0,1424,1636776940,TRANSPORTBUSSTOP,poi
0,1425,1709501601,TRANSPORTSUBWAY,poi
0,1426,4365604489,FOODRESTAURANT,poi
0,1427,2512661936,FOODRESTAURANT,poi
0,1428,2391406527,TRANSPORTBUSSTOP,poi
0,1429,2391406524,TRANSPORTBUSSTOP,poi
0,1430,2112444201,TRANSPORTBUSSTOP,poi
0,1431,25248662,MONEYBANK,poi
0,1432,4258312105,TRANSPORTBUSSTOP,poi
0,1433,2512692410,TRANSPORTBUSSTOP,poi
0,1434,1930752190,TRANSPORTBUSSTOP,poi
0,1435,1555184609,TRANSPORTBUSSTOP,poi
0,1436,4269205690,TRANSPORTBUSSTOP,poi
0,1437,1555184604,TRANSPORTSUBWAY,poi
0,1438,1555184606,TRANSPORTBUSSTOP,poi
0,1439,2048074501,TRANSPORTSUBWAY,poi
0,1440,2010075805,TRANSPORTBUSSTOP,poi
0,1441,1679752289,TRANSPORTBUSSTOP,poi
0,1442,4367141589,TRANSPORTBUSSTOP,poi
0,1443,340258199,TRANSPORTSUBWAY,poi
0,1444,3285422337,TRANSPORTFUEL,poi
0,1445,3981258733,TRANSPORTSUBWAY,poi
0,1446,3737529425,TRANSPORTBUSSTOP,poi
0,1447,1978169091,TRANSPORTBUSSTOP,poi
0,1448,2744612323,TRANSPORTBUSSTOP,poi,taxi,Tid3450
0,1449,1858839674,TRANSPORTSUBWAY,poi
0,1450,1584011222,TRANSPORTBUSSTOP,poi
0,1451,2420792928,MONEYBANK,poi
0,1452,1858839671,TRANSPORTSUBWAY,poi
0,1453,2494625240,TRANSPORTBUSSTOP,poi
0,1454,4406405539,FOODRESTAURANT,poi
0,1455,1349005559,FOODBAR,poi
0,1456,656087239,TRANSPORTBUSSTOP,poi
0,1457,4808567422,TRANSPORTBUSSTOP,poi
0,1458,1855685348,TRANSPORTBUSSTOP,poi
0,1459,1351272556,TRANSPORTBUSSTOP,poi
0,1460,1974915227,TRANSPORTSUBWAY,poi
0,1461,1805216556,TRANSPORTBUSSTOP,poi
0,1462,1351272555,TRANSPORTBUSSTOP,poi
0,1463,2504963402,TRANSPORTBUSSTOP,poi
0,1464,3562734815,TRANSPORTBUSSTOP,poi
0,1465,1351272550,TRANSPORTSUBWAY,poi
0,1466,2302253644,TRANSPORTBUSSTOP,poi
0,1467,1502634010,SHOPBICYCLE,poi
0,1468,1841542947,TRANSPORTBUSSTOP,poi
0,1469,1747639810,FOODRESTAURANT,poi
0,1470,2462543540,TRANSPORTSUBWAY,poi
0,1471,1859765967,TRANSPORTSUBWAY,poi
0,1472,191525058,ACCOMMOHOTEL,poi
0,1473,1859765965,TRANSPORTBUSSTOP,poi
0,1474,3565525932,TRANSPORTBUSSTOP,poi
0,1475,3565525933,SHOPCLOTHES,poi
0,1476,3802950062,TRANSPORTBUSSTOP,poi
0,1477,3565525935,SHOPDEPARTMENTSTORE,poi
0,1478,4489507587,TRANSPORTBUSSTOP,poi
0,1479,1978111660,SHOPSUPERMARKET,poi
0,1480,245130636,TRANSPORTBUSSTOP,poi
0,1481,2513651078,TRANSPORTBUSSTOP,poi
0,1482,3540564207,TRANSPORTBUSSTOP,poi
0,1483,1805922629,TRANSPORTBUSSTOP,poi
0,1484,3540564208,TRANSPORTBUSSTOP,poi,taxi,Tid3021
0,1485,1498082444,TRANSPORTBUSSTOP,poi
0,1486,4795504543,TRANSPORTBUSSTOP,poi
0,1487,3801670137,TRANSPORTBUSSTOP,poi
0,1488,1349005609,HEALTHHOSPITAL,poi
0,1489,1634274074,TRANSPORTBUSSTOP,poi
0,1490,2504011583,TRANSPORTBUSSTOP,poi
0,1491,2480760618,TRANSPORTBUSSTOP,poi
0,1492,2738812684,TRANSPORTBUSSTOP,poi
0,1493,161948988,TRANSPORTBUSSTOP,poi
0,1494,4603598893,TRANSPORTBUSSTOP,poi
0,1495,4429291333,FOODRESTAURANT,poi
0,1496,533645705,TRANSPORTSUBWAY,poi
0,1497,1807477871,TRANSPORTBUSSTOP,poi
0,1498,4338370889,TRANSPORTBUSSTOP,poi
0,1499,2382556544,TRANSPORTBUSSTOP,poi
0,1500,1298050561,TRANSPORTBUSSTOP,poi
0,1501,1802595193,TRANSPORTBUSSTOP,poi
0,1502,2981991933,TRANSPORTBUSSTOP,poi
0,1503,1408034567,TRANSPORTBUSSTOP,poi
0,1504,2383255474,ACCOMMOHOTEL,poi
0,1505,1359330150,TRANSPORTBUSSTOP,poi
0,1506,528930289,TRANSPORTBUSSTOP,poi
0,1507,2383255479,TRANSPORTBUSSTOP,poi
0,1508,4724147442,MONEYBANK,poi
0,1509,3806253398,TRANSPORTBUSSTOP,poi
0,1510,4724147440,TRANSPORTBUSSTOP,poi
0,1511,4724147441,TRANSPORTSUBWAY,poi
0,1512,4724147445,TRANSPORTSUBWAY,poi
0,1513,2387114182,TRANSPORTBUSSTOP,poi
0,1514,4793697523,FOODRESTAURANT,poi
0,1515,2387114185,TRANSPORTBUSSTOP,poi
0,1516,2387114186,TRANSPORTBUSSTOP,poi
0,1517,2271624931,TRANSPORTSUBWAY,poi
0,1518,1802686297,TRANSPORTBUSSTOP,poi
0,1519,3582909793,TRANSPORTSUBWAY,poi
0,1520,1826703268,TRANSPORTSTATION,poi
0,1521,1747691659,TRANSPORTBUSSTOP,poi
0,1522,1984535510,TRANSPORTBUSSTOP,poi
0,1523,1887180600,TRANSPORTBUSSTOP,poi
0,1524,1362276343,TRANSPORTSUBWAY,poi,taxi,Tid4309
0,1525,268389725,TRANSPORTBUSSTOP,poi
0,1526,3540685065,FOODRESTAURANT,poi
0,1527,1887180595,TRANSPORTSUBWAY,poi
0,1528,1499694433,TRANSPORTBUSSTOP,poi
0,1529,2302283141,TRANSPORTBUSSTOP,poi
0,1530,1499694438,TRANSPORTBUSSTOP,poi
0,1531,4498308591,SHOPSUPERMARKET,poi
0,1532,296346936,TRANSPORTSUBWAY,poi
0,1533,1736406159,TRANSPORTBUSSTOP,poi
0,1534,3412941324,TRANSPORTSUBWAY,poi,taxi,Tid845
0,1535,1790399334,TRANSPORTBUSSTOP,poi
0,1536,2093005585,TRANSPORTBUSSTOP,poi
0,1537,3523642537,TRANSPORTBUSSTOP,poi
0,1538,2948819434,ACCOMMOHOTEL,poi
0,1539,492403135,TRANSPORTBUSSTOP,poi
0,1540,2462518749,TRANSPORTSUBWAY,poi
0,1541,1831119555,TRANSPORTBUSSTOP,poi
0,1542,1831119554,TRANSPORTBUSSTOP,poi
0,1543,2056650537,SHOPDEPARTMENTSTORE,poi
0,1544,2056650536,TRANSPORTBUSSTOP,poi
0,1545,1779334576,TRANSPORTBUSSTOP,poi
0,1546,1779334575,TRANSPORTBUSSTOP,poi
0,1547,1779334574,SHOPSUPERMARKET,poi
0,1548,1351108938,TRANSPORTFUEL,poi,taxi,Tid6541
0,1549,1779334572,TRANSPORTBUSSTOP,poi
0,1550,4793571821,TRANSPORTSUBWAY,poi,taxi,Tid3610
0,1551,1779334570,TRANSPORTBUSSTOP,poi
0,1552,1502634008,TRANSPORTSUBWAY,poi
0,1553,3536230006,SHOPHAIRDRESSER,poi
0,1554,3536230004,TOURISTNIGHTCLUB,poi
0,1555,3536230003,SHOPDEPARTMENTSTORE,poi
0,1556,5040121221,TRANSPORTBUSSTOP,poi
0,1557,1502634000,TRANSPORTBUSSTOP,poi
0,1558,1502634002,LANDUSEGRASS,poi
0,1559,2262757730,TRANSPORTBUSSTOP,poi
0,1560,1350216464,TRANSPORTBUSSTOP,poi
0,1561,382913486,TRANSPORTBUSSTOP,poi
0,1562,382913485,FOODPUB,poi
0,1563,1736475388,TRANSPORTBUSSTOP,poi
0,1564,1303500859,TRANSPORTBUSSTOP,poi
0,1565,1190858763,FOODRESTAURANT,poi
0,1566,2091794128,TRANSPORTBUSSTOP,poi
0,1567,2264132873,TRANSPORTBUSSTOP,poi
0,1568,4419991889,SHOPBICYCLE,poi
0,1569,1829413557,TRANSPORTBUSSTOP,poi
0,1570,2048161761,TRANSPORTBUSSTOP,poi
0,1571,2048161762,TRANSPORTBUSSTOP,poi
0,1572,2382638617,TRANSPORTBUSSTOP,poi
0,1573,1984803756,TRANSPORTBUSSTOP,poi
0,1574,1861798542,SHOPPHONE,poi
0,1575,4365696591,TRANSPORTSUBWAY,poi
0,1576,2382638618,TRANSPORTSUBWAY,poi
0,1577,1840814548,TRANSPORTBUSSTOP,poi
0,1578,339085190,AMENITYPOSTOFFICE,poi
0,1579,2489324775,TRANSPORTSUBWAY,poi
0,1580,1736610794,TRANSPORTBUSSTOP,poi
0,1581,3562647323,TRANSPORTBUSSTOP,poi
0,1582,4935662124,TRANSPORTBUSSTOP,poi
0,1583,610888143,TRANSPORTBUSSTOP,poi
0,1584,2473353806,TRANSPORTBUSSTOP,poi
0,1585,233523268,TRANSPORTBUSSTOP,poi
0,1586,1923816033,TRANSPORTBUSSTOP,poi
0,1587,1923816034,TRANSPORTBUSSTOP,poi
0,1588,1634313432,TRANSPORTBUSSTOP,poi
0,1589,4240611789,FOODRESTAURANT,poi
0,1590,2285986333,TRANSPORTBUSSTOP,poi
0,1591,3608656412,TRANSPORTBUSSTOP,poi
0,1592,1343051079,TRANSPORTBUSSTOP,poi
0,1593,1858183859,TRANSPORTBUSSTOP,poi
0,1594,3504800763,SHOPDEPARTMENTSTORE,poi
0,1595,1673281911,TRANSPORTBUSSTOP,poi,taxi,Tid6992
0,1596,1673281912,TRANSPORTBUSSTOP,poi,taxi,Tid3038
0,1597,1242799487,TRANSPORTBUSSTOP,poi
0,1598,2056639669,TRANSPORTBUSSTOP,poi
0,1599,3530521708,TRANSPORTBUSSTOP,poi
0,1600,1742785936,TRANSPORTBUSSTOP,poi
0,1601,3053673870,TRANSPORTBUSSTOP,poi
0,1602,3530521702,TRANSPORTBUSSTOP,poi
0,1603,1978169080,TRANSPORTBUSSTOP,poi
0,1604,1858839681,TRANSPORTSUBWAY,poi
0,1605,1420940424,TRANSPORTBUSSTOP,poi
0,1606,1420940428,TRANSPORTBUSSTOP,poi
0,1607,1412183241,HEALTHHOSPITAL,poi
0,1608,2339326632,TRANSPORTBUSSTOP,poi
0,1609,2048064127,TRANSPORTBUSSTOP,poi
0,1610,2449579133,TRANSPORTBUSSTOP,poi
0,1611,2738812694,TRANSPORTBUSSTOP,poi
0,1612,4429291327,TRANSPORTBUSSTOP,poi
0,1613,4429291325,TRANSPORTBUSSTOP,poi
0,1614,4429291329,TRANSPORTBUSSTOP,poi
0,1615,4109375391,TRANSPORTBUSSTOP,poi
0,1616,3706449517,TOURISTART,poi
0,1617,2056650538,TRANSPORTSUBWAY,poi
0,1618,1647726692,TRANSPORTSUBWAY,poi
0,1619,2383345312,TRANSPORTBUSSTOP,poi
0,1620,2452435928,SHOPKIOSK,poi
0,1621,2383345314,SHOPBAKERY,poi
0,1622,2791826521,TRANSPORTBUSSTOP,poi
0,1623,4600824590,TOURISTART,poi
0,1624,1652540782,TRANSPORTFUEL,poi
0,1625,3379245686,TRANSPORTBUSSTOP,poi
0,1626,3530515330,TRANSPORTBUSSTOP,poi
0,1627,1747639805,TRANSPORTBUSSTOP,poi
0,1628,1747639806,TRANSPORTSUBWAY,poi
0,1629,2402055492,TRANSPORTBUSSTOP,poi
0,1630,5133060232,TRANSPORTBUSSTOP,poi
0,1631,1974892116,TRANSPORTBUSSTOP,poi
0,1632,822458931,FOODRESTAURANT,poi
0,1633,4016093792,TRANSPORTBUSSTOP,poi
0,1634,4469791293,TRANSPORTBUSSTOP,poi
0,1635,1721478345,TRANSPORTBUSSTOP,poi
0,1636,4367035691,TRANSPORTBUSSTOP,poi
0,1637,360847046,TRANSPORTSUBWAY,poi
0,1638,3506893991,TRANSPORTSUBWAY,poi
0,1639,3536081678,FOODBAR,poi
0,1640,5069186619,TRANSPORTBUSSTOP,poi
0,1641,2686612097,SHOPBICYCLE,poi
0,1642,3536081679,AMENITYPOLICE,poi
0,1643,2381861222,MONEYBANK,poi
0,1644,273110892,SHOPCONVENIENCE,poi
0,1645,1790345849,TRANSPORTBUSSTOP,poi
0,1646,3687989003,TRANSPORTSUBWAY,poi
0,1647,2854284601,MONEYBANK,poi
0,1648,1807477881,TRANSPORTBUSSTOP,poi
0,1649,1779334571,TRANSPORTSUBWAY,poi
0,1650,1734127784,TRANSPORTBUSSTOP,poi
0,1651,1790367271,FOODRESTAURANT,poi
0,1652,1754946799,FOODRESTAURANT,poi
0,1653,1802595184,TRANSPORTBUSSTOP,poi
0,1654,2264456468,TRANSPORTFUEL,poi
0,1655,4745704423,TRANSPORTSUBWAY,poi
0,1656,1949544771,TRANSPORTBUSSTOP,poi
0,1657,1835124353,TRANSPORTBUSSTOP,poi
0,1658,1835124352,TRANSPORTBUSSTOP,poi
0,1659,1835124351,ACCOMMOHOTEL,poi
0,1660,1835124356,TRANSPORTBUSSTOP,poi
0,1661,1835124355,TRANSPORTBUSSTOP,poi
0,1662,1835124354,TRANSPORTBUSSTOP,poi
0,1663,528922127,TRANSPORTBUSSTOP,poi,taxi,Tid8992
0,1664,4213393030,TRANSPORTSUBWAY,poi
0,1665,3372976095,TRANSPORTBUSSTOP,poi
0,1666,2189226489,FOODFASTFOOD,poi
0,1667,1938672667,TRANSPORTBUSSTOP,poi
0,1668,3574840874,FOODRESTAURANT,poi
0,1669,2454591705,FOODRESTAURANT,poi
0,1670,1807875361,TRANSPORTBUSSTOP,poi
0,1671,1807875363,TRANSPORTSUBWAY,poi
0,1672,1984649031,SHOPDEPARTMENTSTORE,poi
0,1673,2489324786,SHOPCONVENIENCE,poi
0,1674,3259478654,TRANSPORTBUSSTOP,poi
0,1675,2489324782,TRANSPORTBUSSTOP,poi
0,1676,2489324783,TRANSPORTBUSSTOP,poi
0,1677,2489324780,TRANSPORTBUSSTOP,poi
0,1678,1364164036,TRANSPORTBUSSTOP,poi
0,1679,2264456465,TRANSPORTBUSSTOP,poi
0,1680,3540685013,TOURISTNIGHTCLUB,poi
0,1681,3540685012,FOODBAR,poi
0,1682,2420947267,TRANSPORTBUSSTOP,poi
0,1683,2952008153,TRANSPORTBUSSTOP,poi
0,1684,2987541135,TRANSPORTBUSSTOP,poi
0,1685,1943207445,TRANSPORTBUSSTOP,poi
0,1686,2420947268,TRANSPORTBUSSTOP,poi
0,1687,2264507202,TRANSPORTBUSSTOP,poi
0,1688,32618809,TRANSPORTBUSSTOP,poi,taxi,Tid8281
0,1689,2264507208,TRANSPORTBUSSTOP,poi
0,1690,32618803,TRANSPORTBUSSTOP,poi
0,1691,1502668730,SHOPSUPERMARKET,poi
0,1692,2383209929,TRANSPORTBUSSTOP,poi
0,1693,3530521699,TRANSPORTBUSSTOP,poi
0,1694,2383209926,SHOPBAKERY,poi
0,1695,4778159613,SHOPBAKERY,poi
0,1696,2383209922,SHOPBICYCLE,poi
0,1697,1807587025,TRANSPORTBUSSTOP,poi
0,1698,1802535954,TRANSPORTSUBWAY,poi
0,1699,1582944985,TRANSPORTSUBWAY,poi
0,1700,4365604390,TRANSPORTBUSSTOP,poi
0,1701,1802535958,SHOPBICYCLE,poi
0,1702,121778760,TRANSPORTFUEL,poi
0,1703,2575686340,SHOPBAKERY,poi
0,1704,1554190184,TRANSPORTBUSSTOP,poi,taxi,Tid5267
0,1705,3536230011,TRANSPORTBUSSTOP,poi
0,1706,1765483777,TRANSPORTBUSSTOP,poi,taxi,Tid4077
0,1707,2473382862,FOODRESTAURANT,poi
0,1708,2501814715,TRANSPORTBUSSTOP,poi
0,1709,1302996716,TRANSPORTBUSSTOP,poi
0,1710,1302996714,HEALTHHOSPITAL,poi
0,1711,4365624290,TRANSPORTBUSSTOP,poi
0,1712,1743119742,TRANSPORTBUSSTOP,poi
0,1713,4700971097,TRANSPORTBUSSTOP,poi
0,1714,287967433,TRANSPORTBUSSTOP,poi
0,1715,1802595177,TRANSPORTBUSSTOP,poi
0,1716,3504800757,FOODRESTAURANT,poi
0,1717,1721546354,TRANSPORTBUSSTOP,poi
0,1718,294122490,TRANSPORTBUSSTOP,poi
0,1719,2483551178,TRANSPORTBUSSTOP,poi
0,1720,2414692521,MONEYBANK,poi
0,1721,1772813402,TRANSPORTBUSSTOP,poi
0,1722,1499760936,TRANSPORTBUSSTOP,poi,taxi,Tid7145
0,1723,1499760935,TRANSPORTSUBWAY,poi
0,1724,1499760933,TRANSPORTBUSSTOP,poi
0,1725,4498940891,MONEYBANK,poi
0,1726,1685955863,TRANSPORTBUSSTOP,poi
0,1727,1772813409,TRANSPORTBUSSTOP,poi
0,1728,2524995145,TRANSPORTBUSSTOP,poi
0,1729,1771721996,TRANSPORTBUSSTOP,poi
0,1730,1854582252,TRANSPORTBUSSTOP,poi
0,1731,4384980200,TRANSPORTBUSSTOP,poi
0,1732,1450499033,SHOPDEPARTMENTSTORE,poi
0,1733,2517252488,TRANSPORTBUSSTOP,poi
0,1734,215103553,FOODRESTAURANT,poi
0,1735,2578132399,TRANSPORTBUSSTOP,poi
0,1736,2098843947,TRANSPORTBUSSTOP,poi
0,1737,1637935546,TRANSPORTSUBWAY,poi
0,1738,1747588153,TRANSPORTBUSSTOP,poi
0,1739,1747588152,ACCOMMOHOTEL,poi
0,1740,3090106153,TRANSPORTBUSSTOP,poi
0,1741,1818888201,TRANSPORTBUSSTOP,poi
0,1742,1747588154,FOODRESTAURANT,poi
0,1743,4801328125,TRANSPORTBUSSTOP,poi
0,1744,1350293262,TRANSPORTBUSSTOP,poi
0,1745,2285986321,ACCOMMOMOTEL,poi
0,1746,1978116695,TRANSPORTBUSSTOP,poi
0,1747,1835376410,TRANSPORTSUBWAY,poi
0,1748,1923840552,TRANSPORTBUSSTOP,poi
0,1749,4860839321,TRANSPORTBUSSTOP,poi
0,1750,3530338700,SHOPDEPARTMENTSTORE,poi
0,1751,3530338702,SHOPDEPARTMENTSTORE,poi
0,1752,3530338705,FOODRESTAURANT,poi
0,1753,3504800758,FOODBAR,poi
0,1754,4435428324,SHOPDEPARTMENTSTORE,poi
0,1755,2511408467,ACCOMMOMOTEL,poi
0,1756,4281400889,FOODRESTAURANT,poi
0,1757,1583043007,TRANSPORTBUSSTOP,poi
0,1758,339085362,TRANSPORTBUSSTOP,poi
0,1759,4858657862,SHOPSUPERMARKET,poi
0,1760,2299618457,TRANSPORTBUSSTOP,poi
0,1761,2299618456,TRANSPORTBUSSTOP,poi
0,1762,2299618453,TRANSPORTSUBWAY,poi
0,1763,2299618452,TRANSPORTBUSSTOP,poi
0,1764,4476654491,TRANSPORTSUBWAY,poi
0,1765,1754985795,FOODRESTAURANT,poi
0,1766,4795500136,SHOPBAKERY,poi
0,1767,1420940430,TRANSPORTSUBWAY,poi
0,1768,1852486186,TRANSPORTBUSSTOP,poi
0,1769,4373005497,TRANSPORTBUSSTOP,poi
0,1770,193059291,TRANSPORTBUSSTOP,poi
0,1771,1367489020,TRANSPORTBUSSTOP,poi
0,1772,4365606090,TRANSPORTBUSSTOP,poi
0,1773,1761980789,TOURISTART,poi
0,1774,3643987413,TRANSPORTBUSSTOP,poi
0,1775,2116038116,FOODRESTAURANT,poi
0,1776,2738812685,TRANSPORTSUBWAY,poi
0,1777,2116038115,TRANSPORTBUSSTOP,poi
0,1778,2116038113,TRANSPORTBUSSTOP,poi
0,1779,2738812683,FOODRESTAURANT,poi
0,1780,1942597541,SHOPMARKETPLACE,poi
0,1781,1942597547,TRANSPORTBUSSTOP,poi
0,1782,3706449520,SHOPCONVENIENCE,poi
0,1783,3706449523,FOODCAFE,poi
0,1784,2091794206,TRANSPORTBUSSTOP,poi
0,1785,995937161,TRANSPORTBUSSTOP,poi
0,1786,2010541496,TRANSPORTBUSSTOP,poi
0,1787,1686018453,TRANSPORTBUSSTOP,poi
0,1788,1836570152,TRANSPORTBUSSTOP,poi
0,1789,2575657191,MONEYBANK,poi
0,1790,528934416,TRANSPORTSUBWAY,poi
0,1791,340260096,TRANSPORTBUSSTOP,poi
0,1792,1597393135,MONEYBANK,poi
0,1793,3565525910,TRANSPORTBUSSTOP,poi
0,1794,1720017249,TRANSPORTBUSSTOP,poi
0,1795,3565525919,TOURISTNIGHTCLUB,poi
0,1796,4277744905,TRANSPORTBUSSTOP,poi
0,1797,2383146369,TRANSPORTSUBWAY,poi
0,1798,2383146368,TRANSPORTBUSSTOP,poi
0,1799,340257439,TRANSPORTBUSSTOP,poi,taxi,Tid544
0,1800,2383146365,TRANSPORTBUSSTOP,poi,taxi,Tid1801
0,1801,4109343692,TRANSPORTBUSSTOP,poi
0,1802,1485611152,TRANSPORTBUSSTOP,poi
0,1803,1737610065,TRANSPORTBUSSTOP,poi
0,1804,1761791511,MONEYBANK,poi
0,1805,1737610069,FOODRESTAURANT,poi
0,1806,2511408484,TRANSPORTSUBWAY,poi
0,1807,2391353196,TRANSPORTBUSSTOP,poi
0,1808,2391353199,TRANSPORTBUSSTOP,poi
0,1809,2482491960,TRANSPORTBUSSTOP,poi
0,1810,1686049604,TRANSPORTBUSSTOP,poi
0,1811,340409693,TRANSPORTSUBWAY,poi
0,1812,4462589593,TRANSPORTBUSSTOP,poi
0,1813,1702679765,TRANSPORTBUSSTOP,poi
0,1814,1702679766,TRANSPORTBUSSTOP,poi,taxi,Tid643
0,1815,1702679767,TRANSPORTBUSSTOP,poi
0,1816,1702679762,TRANSPORTBUSSTOP,poi
0,1817,1836524014,TRANSPORTBUSSTOP,poi
0,1818,2264417889,SHOPCLOTHES,poi
0,1819,4680057191,TRANSPORTBUSSTOP,poi
0,1820,1942463577,TRANSPORTBUSSTOP,poi
0,1821,1836494991,TRANSPORTBUSSTOP,poi
0,1822,1298050585,TRANSPORTBUSSTOP,poi
0,1823,4834170322,TRANSPORTBUSSTOP,poi
0,1824,1942463578,TRANSPORTBUSSTOP,poi
0,1825,1942463579,TRANSPORTBUSSTOP,poi
0,1826,1918630625,SHOPBAKERY,poi
0,1827,2586813665,TRANSPORTBUSSTOP,poi
0,1828,1918630627,SHOPSUPERMARKET,poi
0,1829,2586813662,TRANSPORTBUSSTOP,poi
0,1830,1803571080,TRANSPORTBUSSTOP,poi
0,1831,1918630629,TRANSPORTBUSSTOP,poi
0,1832,1721589168,TRANSPORTBUSSTOP,poi
0,1833,1887323330,MONEYBANK,poi
0,1834,1918630628,TRANSPORTBUSSTOP,poi
0,1835,1298408190,TRANSPORTBUSSTOP,poi
0,1836,4769095798,FOODRESTAURANT,poi
0,1837,1298408197,TRANSPORTSUBWAY,poi
0,1838,1742696700,TRANSPORTBUSSTOP,poi
0,1839,3580864553,SHOPSUPERMARKET,poi
0,1840,1365119929,AMENITYPOLICE,poi
0,1841,1861655014,TRANSPORTBUSSTOP,poi
0,1842,2048169011,ACCOMMOHOSTEL,poi
0,1843,1747691675,TRANSPORTBUSSTOP,poi
0,1844,2048169014,TRANSPORTBUSSTOP,poi
0,1845,1343049972,TRANSPORTBUSSTOP,poi
0,1846,232724487,TRANSPORTBUSSTOP,poi
0,1847,1984649027,TRANSPORTBUSSTOP,poi
0,1848,2481086486,TRANSPORTSUBWAY,poi
0,1849,273092476,ACCOMMOMOTEL,poi
0,1850,1848649987,ACCOMMOMOTEL,poi
0,1851,3540685002,ACCOMMOHOTEL,poi
0,1852,3540685003,SHOPCONVENIENCE,poi
0,1853,2442765733,TRANSPORTSUBWAY,poi
0,1854,2442765732,TRANSPORTBUSSTOP,poi
0,1855,2442765731,TRANSPORTBUSSTOP,poi
0,1856,3367977138,SHOPDEPARTMENTSTORE,poi
0,1857,4418735104,FOODFASTFOOD,poi
0,1858,340109821,TRANSPORTBUSSTOP,poi
0,1859,3367977137,TRANSPORTBUSSTOP,poi
0,1860,2285367821,TRANSPORTBUSSTOP,poi
0,1861,2463036097,SHOPSUPERMARKET,poi
0,1862,1840701852,TRANSPORTBUSSTOP,poi
0,1863,2285367826,TRANSPORTSUBWAY,poi
0,1864,2285367828,TRANSPORTBUSSTOP,poi
0,1865,2285367829,TRANSPORTBUSSTOP,poi
0,1866,4769095794,TRANSPORTBUSSTOP,poi
0,1867,295073722,TRANSPORTBUSSTOP,poi
0,1868,1571709096,TRANSPORTBUSSTOP,poi,taxi,Tid1741
0,1869,1802535945,FOODRESTAURANT,poi
0,1870,1802535941,TRANSPORTBUSSTOP,poi
0,1871,4365604389,TRANSPORTBUSSTOP,poi
0,1872,1802535949,TRANSPORTBUSSTOP,poi
0,1873,1858572407,TRANSPORTBUSSTOP,poi
0,1874,1765225622,TRANSPORTBUSSTOP,poi
0,1875,1554190190,TRANSPORTBUSSTOP,poi
0,1876,2475386132,TRANSPORTBUSSTOP,poi
0,1877,3530515325,TRANSPORTBUSSTOP,poi
0,1878,4283758891,TRANSPORTBUSSTOP,poi
0,1879,1858572408,TRANSPORTBUSSTOP,poi
0,1880,4373139852,TRANSPORTBUSSTOP,poi
0,1881,1302996707,TRANSPORTBUSSTOP,poi
0,1882,1721637807,TRANSPORTBUSSTOP,poi
0,1883,287967428,ACCOMMOHOTEL,poi
0,1884,2575647265,SHOPBAKERY,poi
0,1885,1721637808,TRANSPORTBUSSTOP,poi
0,1886,1721637809,TRANSPORTBUSSTOP,poi
0,1887,2056594355,TRANSPORTBUSSTOP,poi
0,1888,2056594356,TRANSPORTBUSSTOP,poi
0,1889,2056594357,SHOPDEPARTMENTSTORE,poi
0,1890,469532491,FOODRESTAURANT,poi
0,1891,3562734811,SHOPCLOTHES,poi
0,1892,3562734812,SHOPDEPARTMENTSTORE,poi
0,1893,1930845591,TRANSPORTBUSSTOP,poi
0,1894,1819118046,TRANSPORTBUSSTOP,poi
0,1895,1819118045,TRANSPORTSUBWAY,poi
0,1896,1835274699,TRANSPORTSUBWAY,poi
0,1897,1499760924,TRANSPORTBUSSTOP,poi
0,1898,1499760925,TRANSPORTBUSSTOP,poi
0,1899,3814786279,TRANSPORTBUSSTOP,poi
0,1900,2383211798,TRANSPORTBUSSTOP,poi
0,1901,3116595636,TRANSPORTBUSSTOP,poi
0,1902,1499760929,TRANSPORTBUSSTOP,poi
0,1903,2048105202,TRANSPORTBUSSTOP,poi
0,1904,2783332190,HEALTHHOSPITAL,poi
0,1905,4251943321,TRANSPORTBUSSTOP,poi
0,1906,2493417299,TRANSPORTBUSSTOP,poi
0,1907,4651521890,FOODRESTAURANT,poi
0,1908,2048169016,TRANSPORTBUSSTOP,poi
0,1909,1357810263,TRANSPORTSUBWAY,poi
0,1910,1357810266,TRANSPORTBUSSTOP,poi
0,1911,3523165820,SHOPSUPERMARKET,poi
0,1912,3523165821,FOODRESTAURANT,poi
0,1913,3523165822,FOODRESTAURANT,poi
0,1914,3523165823,TRANSPORTBUSSTOP,poi
0,1915,1835376402,ACCOMMOMOTEL,poi
0,1916,1835376403,ACCOMMOHOTEL,poi
0,1917,2391432062,TRANSPORTBUSSTOP,poi
0,1918,1835376406,TRANSPORTBUSSTOP,poi
0,1919,1499855300,TRANSPORTBUSSTOP,poi
0,1920,1835376404,TRANSPORTBUSSTOP,poi
0,1921,1485603865,TRANSPORTBUSSTOP,poi
0,1922,274845714,FOODRESTAURANT,poi
0,1923,1298058581,TRANSPORTSUBWAY,poi
0,1924,1835376409,TRANSPORTBUSSTOP,poi
0,1925,274845713,TRANSPORTSUBWAY,poi
0,1926,4448938295,TRANSPORTBUSSTOP,poi
0,1927,4486190290,TRANSPORTBUSSTOP,poi
0,1928,2299885011,TRANSPORTBUSSTOP,poi
0,1929,2558588438,TRANSPORTBUSSTOP,poi
0,1930,1870683133,TRANSPORTBUSSTOP,poi
0,1931,4367035292,TRANSPORTBUSSTOP,poi
0,1932,3060432882,TRANSPORTSUBWAY,poi
0,1933,2985874633,TRANSPORTSUBWAY,poi
0,1934,4143211689,SHOPPHONE,poi
0,1935,2512692409,TRANSPORTBUSSTOP,poi
0,1936,1779396752,TRANSPORTBUSSTOP,poi
0,1937,1835274670,TRANSPORTBUSSTOP,poi
0,1938,164952676,TRANSPORTBUSSTOP,poi
0,1939,1554253381,TRANSPORTBUSSTOP,poi
0,1940,4509842891,TRANSPORTSUBWAY,poi
0,1941,1305782949,TRANSPORTBUSSTOP,poi
0,1942,2523345790,TRANSPORTBUSSTOP,poi
0,1943,3046701491,TRANSPORTSUBWAY,poi
0,1944,2420971517,TRANSPORTBUSSTOP,poi
0,1945,4801359722,TRANSPORTBUSSTOP,poi
0,1946,1942597553,TRANSPORTBUSSTOP,poi
0,1947,1300399132,FOODRESTAURANT,poi
0,1948,1861798604,HEALTHHOSPITAL,poi
0,1949,2383234262,TRANSPORTBUSSTOP,poi
0,1950,1300399139,TRANSPORTBUSSTOP,poi
0,1951,2500598208,TRANSPORTBUSSTOP,poi
0,1952,1736621319,TRANSPORTBUSSTOP,poi
0,1953,1736621318,TRANSPORTBUSSTOP,poi
0,1954,2264142377,TRANSPORTSUBWAY,poi
0,1955,4365597389,ACCOMMOMOTEL,poi
0,1956,2264135178,SHOPHAIRDRESSER,poi
0,1957,2264135179,TRANSPORTBUSSTOP,poi
0,1958,2442765730,TRANSPORTBUSSTOP,poi
0,1959,3519544356,SHOPMARKETPLACE,poi
0,1960,3523128437,TRANSPORTBUSSTOP,poi
0,1961,3523128438,FOODCAFE,poi
0,1962,1819087384,SHOPSUPERMARKET,poi
0,1963,1819087385,TRANSPORTBUSSTOP,poi,taxi,Tid1003
0,1964,1819087382,TRANSPORTBUSSTOP,poi
0,1965,2264135177,TRANSPORTBUSSTOP,poi
0,1966,3540564258,TRANSPORTBUSSTOP,poi
0,1967,2501839035,TRANSPORTBUSSTOP,poi
0,1968,2517188067,SHOPKIOSK,poi
0,1969,3540564250,TRANSPORTBUSSTOP,poi
0,1970,3540564253,FOODBAR,poi
0,1971,2517188068,TRANSPORTBUSSTOP,poi
0,1972,3540564255,FOODRESTAURANT,poi
0,1973,3540564256,TRANSPORTBUSSTOP,poi
0,1974,1985434464,FOODRESTAURANT,poi
0,1975,4000038419,FOODBAR,poi
0,1976,1726180630,TRANSPORTSUBWAY,poi
0,1977,1726180632,TRANSPORTBUSSTOP,poi
0,1978,605045034,TRANSPORTBUSSTOP,poi
0,1979,2480788830,TRANSPORTBUSSTOP,poi
0,1980,3580864786,SHOPSUPERMARKET,poi
0,1981,4000038416,TRANSPORTBUSSTOP,poi
0,1982,1736413255,SHOPCLOTHES,poi
0,1983,1742835332,ACCOMMOMOTEL,poi
0,1984,1742835335,FOODCAFE,poi,taxi,Tid7176
0,1985,2302272653,TRANSPORTBUSSTOP,poi
0,1986,2483307161,TRANSPORTSUBWAY,poi
0,1987,1943225296,TRANSPORTBUSSTOP,poi
0,1988,2933926460,TRANSPORTBUSSTOP,poi
0,1989,2010768196,TRANSPORTSTATION,poi
0,1990,2010768198,SHOPSUPERMARKET,poi,taxi,Tid1377
0,1991,1303500793,TOURISTCINEMA,poi
0,1992,2533116238,ACCOMMOHOTEL,poi
0,1993,1702679755,TOURISTNIGHTCLUB,poi
0,1994,4289848589,TRANSPORTBUSSTOP,poi
0,1995,1702679757,FOODRESTAURANT,poi
0,1996,2098536399,TRANSPORTSUBWAY,poi
0,1997,3612568766,TRANSPORTBUSSTOP,poi
0,1998,3807999855,SHOPCONVENIENCE,poi
0,1999,1298050590,ACCOMMOMOTEL,poi
0,2000,1599483434,TRANSPORTBUSSTOP,poi
0,2001,2010768179,TRANSPORTSUBWAY,poi
0,2002,1840701851,TRANSPORTBUSSTOP,poi
0,2003,1599483433,TRANSPORTBUSSTOP,poi
0,2004,2944835639,SHOPBAKERY,poi
0,2005,1918630630,TRANSPORTBUSSTOP,poi
0,2006,2442795272,TRANSPORTBUSSTOP,poi
0,2007,4365702892,TRANSPORTBUSSTOP,poi
0,2008,3804459943,TRANSPORTBUSSTOP,poi
0,2009,1808642422,TRANSPORTBUSSTOP,poi
0,2010,1943207512,TRANSPORTBUSSTOP,poi
0,2011,1807611512,TRANSPORTBUSSTOP,poi
0,2012,1743058283,SHOPCONVENIENCE,poi
0,2013,3369356928,HEALTHPHARMACY,poi
0,2014,1859897311,TRANSPORTSUBWAY,poi
0,2015,1859897312,FOODRESTAURANT,poi
0,2016,2136969297,TRANSPORTSUBWAY,poi
0,2017,3065092367,TOURISTART,poi
0,2018,2512680945,FOODRESTAURANT,poi
0,2019,2136969298,SHOPCLOTHES,poi
0,2020,3565446734,TRANSPORTBUSSTOP,poi
0,2021,1816255887,TRANSPORTBUSSTOP,poi
0,2022,294123545,FOODRESTAURANT,poi
0,2023,1747691660,TRANSPORTBUSSTOP,poi
0,2024,4289853589,TRANSPORTBUSSTOP,poi
0,2025,1842559547,TRANSPORTBUSSTOP,poi
0,2026,1747691668,TRANSPORTBUSSTOP,poi
0,2027,3540685031,SHOPBICYCLE,poi
0,2028,339084600,TRANSPORTBUSSTOP,poi
0,2029,1861757951,TRANSPORTBUSSTOP,poi
0,2030,77746350,TRANSPORTBUSSTOP,poi,taxi,Tid7695
0,2031,272576435,FOODFASTFOOD,poi
0,2032,3701585833,SHOPDEPARTMENTSTORE,poi
0,2033,175226613,TRANSPORTBUSSTOP,poi
0,2034,2803005901,FOODRESTAURANT,poi
0,2035,2442765729,TRANSPORTBUSSTOP,poi
0,2036,1497364745,TRANSPORTBUSSTOP,poi
0,2037,1298058615,TRANSPORTBUSSTOP,poi
0,2038,2036482793,HEALTHPHARMACY,poi
0,2039,2010541494,TRANSPORTSUBWAY,poi
0,2040,2420817211,ACCOMMOHOTEL,poi
0,2041,2420817214,HEALTHDOCTORS,poi
0,2042,1840701849,TRANSPORTBUSSTOP,poi
0,2043,2112501385,TRANSPORTBUSSTOP,poi,taxi,Tid6981
0,2044,4794834228,SHOPDEPARTMENTSTORE,poi
0,2045,1349202004,TRANSPORTBUSSTOP,poi
0,2046,1748322318,SHOPBAKERY,poi
0,2047,1836367424,TRANSPORTSUBWAY,poi
0,2048,1836367427,TRANSPORTBUSSTOP,poi
0,2049,1836367426,TRANSPORTBUSSTOP,poi
0,2050,1748322315,TRANSPORTBUSSTOP,poi
0,2051,1748322316,TRANSPORTBUSSTOP,poi,taxi,Tid1735
0,2052,1748322317,TRANSPORTBUSSTOP,poi
0,2053,1940022593,TRANSPORTBUSSTOP,poi
0,2054,1858572414,TRANSPORTSUBWAY,poi
0,2055,1721572553,ACCOMMOHOTEL,poi
0,2056,3540564209,TRANSPORTBUSSTOP,poi
0,2057,1858572411,FOODFASTFOOD,poi
0,2058,1858572412,TRANSPORTBUSSTOP,poi
0,2059,1858572413,FOODRESTAURANT,poi
0,2060,4155600718,SHOPCONVENIENCE,poi
0,2061,3574841316,SHOPCONVENIENCE,poi
0,2062,1755858497,TRANSPORTBUSSTOP,poi
0,2063,3546479426,MONEYBANK,poi
0,2064,4171179389,TRANSPORTBUSSTOP,poi
0,2065,2469786645,TRANSPORTBUSSTOP,poi
0,2066,1734313034,TRANSPORTBUSSTOP,poi
0,2067,294121375,TRANSPORTBUSSTOP,poi
0,2068,1688751282,TRANSPORTBUSSTOP,poi
0,2069,1859740320,TRANSPORTBUSSTOP,poi
0,2070,1859740321,TRANSPORTBUSSTOP,poi
0,2071,1859740322,SHOPBICYCLE,poi
0,2072,1298058566,TRANSPORTBUSSTOP,poi
0,2073,229774177,MONEYBANK,poi
0,2074,4365623589,SHOPBICYCLE,poi
0,2075,1861798592,TRANSPORTBUSSTOP,poi
0,2076,1779401062,TRANSPORTBUSSTOP,poi
0,2077,1930845584,MONEYBANK,poi
0,2078,2286373926,FOODRESTAURANT,poi
0,2079,1861798594,TRANSPORTBUSSTOP,poi
0,2080,2286373929,TRANSPORTBUSSTOP,poi
0,2081,1818888195,TRANSPORTBUSSTOP,poi
0,2082,2057273654,TRANSPORTBUSSTOP,poi
0,2083,2057273655,TRANSPORTBUSSTOP,poi
0,2084,2057273652,TRANSPORTBUSSTOP,poi
0,2085,2057273653,TRANSPORTBUSSTOP,poi
0,2086,2057273651,ACCOMMOHOTEL,poi
0,2087,3562733756,FOODRESTAURANT,poi
0,2088,3416840273,TRANSPORTBUSSTOP,poi
0,2089,2108373010,TRANSPORTBUSSTOP,poi
0,2090,1571709087,TRANSPORTBUSSTOP,poi
0,2091,339089407,TRANSPORTBUSSTOP,poi
0,2092,1803834847,TRANSPORTBUSSTOP,poi
0,2093,3523165819,TRANSPORTBUSSTOP,poi
0,2094,4109343690,FOODRESTAURANT,poi
0,2095,4289827670,TRANSPORTBUSSTOP,poi
0,2096,1807511031,FOODBAR,poi
0,2097,3536015141,TRANSPORTBUSSTOP,poi
0,2098,1357810257,TRANSPORTSUBWAY,poi
0,2099,3523165812,MONEYBANK,poi
0,2100,31018014,TRANSPORTBUSSTOP,poi
0,2101,2383313628,TRANSPORTBUSSTOP,poi
0,2102,754517127,TRANSPORTBUSSTOP,poi
0,2103,4109343693,MONEYBANK,poi
0,2104,1840840573,TRANSPORTBUSSTOP,poi
0,2105,1502685436,TRANSPORTBUSSTOP,poi
0,2106,2250338053,TRANSPORTBUSSTOP,poi
0,2107,1761980790,TRANSPORTBUSSTOP,poi
0,2108,3504845956,TRANSPORTBUSSTOP,poi
0,2109,1816089484,TRANSPORTBUSSTOP,poi
0,2110,1737659124,TRANSPORTBUSSTOP,poi
0,2111,1816089483,FOODFASTFOOD,poi
0,2112,1501538365,TRANSPORTBUSSTOP,poi
0,2113,1848753995,TRANSPORTBUSSTOP,poi
0,2114,1298058595,TOURISTNIGHTCLUB,poi
0,2115,1501538360,TRANSPORTBUSSTOP,poi
0,2116,2491934855,SHOPBAKERY,poi
0,2117,2426893843,TRANSPORTBUSSTOP,poi
0,2118,1679931195,TRANSPORTBUSSTOP,poi
0,2119,3519081752,TRANSPORTBUSSTOP,poi
0,2120,2452410405,TRANSPORTBUSSTOP,poi
0,2121,1498576316,TRANSPORTBUSSTOP,poi
0,2122,4258304290,TRANSPORTBUSSTOP,poi
0,2123,1420957579,TRANSPORTSUBWAY,poi
0,2124,1532866065,TRANSPORTBUSSTOP,poi
0,2125,2264429753,TRANSPORTBUSSTOP,poi
0,2126,2984482733,TRANSPORTSUBWAY,poi
0,2127,3523113789,TRANSPORTBUSSTOP,poi
0,2128,1253535282,TRANSPORTBUSSTOP,poi
0,2129,1305783002,TRANSPORTBUSSTOP,poi
0,2130,3523113781,TRANSPORTBUSSTOP,poi
0,2131,3523642580,TRANSPORTBUSSTOP,poi
0,2132,2483307010,TRANSPORTBUSSTOP,poi
0,2133,1978169075,TRANSPORTBUSSTOP,poi,taxi,Tid10289
0,2134,1978169077,TRANSPORTBUSSTOP,poi
0,2135,1984344336,TRANSPORTBUSSTOP,poi
0,2136,1296102322,TRANSPORTBUSSTOP,poi
0,2137,3509515288,FOODRESTAURANT,poi
0,2138,2610841299,TRANSPORTBUSSTOP,poi
0,2139,2454650339,TRANSPORTBUSSTOP,poi
0,2140,1721621332,TRANSPORTBUSSTOP,poi
0,2141,2189186769,MONEYBANK,poi
0,2142,1734208289,TRANSPORTBUSSTOP,poi
0,2143,2458170372,TRANSPORTSUBWAY,poi
0,2144,1419861970,TRANSPORTBUSSTOP,poi
0,2145,1599968970,TRANSPORTBUSSTOP,poi
0,2146,3688773898,TRANSPORTBUSSTOP,poi
0,2147,3688773899,TRANSPORTBUSSTOP,poi
0,2148,4769095807,TRANSPORTSUBWAY,poi
0,2149,277313448,TRANSPORTBUSSTOP,poi
0,2150,4769095805,TRANSPORTSUBWAY,poi
0,2151,2458170371,TRANSPORTBUSSTOP,poi
0,2152,3519544361,TRANSPORTBUSSTOP,poi
0,2153,2010691745,TRANSPORTSUBWAY,poi
0,2154,2010691742,TRANSPORTBUSSTOP,poi
0,2155,4367139889,TRANSPORTBUSSTOP,poi
0,2156,4322773866,SHOPSUPERMARKET,poi
0,2157,3608662218,TRANSPORTSUBWAY,poi
0,2158,244078601,POISUBURB,poi,taxi,Tid4226
0,2159,1887279507,TRANSPORTBUSSTOP,poi
0,2160,2180702595,ACCOMMOMOTEL,poi
0,2161,1859847380,TRANSPORTBUSSTOP,poi,taxi,Tid3622
0,2162,2467720741,SHOPDEPARTMENTSTORE,poi
0,2163,1549178292,TRANSPORTBUSSTOP,poi
0,2164,1840794448,TRANSPORTBUSSTOP,poi
0,2165,2420947265,TRANSPORTBUSSTOP,poi
0,2166,2458116650,TRANSPORTBUSSTOP,poi
0,2167,1726180624,FOODRESTAURANT,poi
0,2168,1736610802,TRANSPORTBUSSTOP,poi
0,2169,1726180623,TRANSPORTSTATION,poi
0,2170,5065894396,TRANSPORTBUSSTOP,poi
0,2171,4231244094,FOODBAR,poi
0,2172,3562844205,SHOPBICYCLE,poi
0,2173,1818991480,TRANSPORTSUBWAY,poi
0,2174,1790342453,TRANSPORTBUSSTOP,poi
0,2175,4486722992,MONEYBANK,poi
0,2176,1668837050,ACCOMMOHOTEL,poi,taxi,Tid2356
0,2177,2010768186,TRANSPORTBUSSTOP,poi
0,2178,1554253379,TRANSPORTBUSSTOP,poi
0,2179,3426535808,TRANSPORTBUSSTOP,poi
0,2180,2098953178,TRANSPORTBUSSTOP,poi
0,2181,4685143889,TRANSPORTBUSSTOP,poi
0,2182,1771738171,TRANSPORTBUSSTOP,poi,taxi,Tid8544
0,2183,2465692950,TRANSPORTBUSSTOP,poi
0,2184,2817377101,TRANSPORTBUSSTOP,poi
0,2185,2382564274,TRANSPORTBUSSTOP,poi
0,2186,339087731,TRANSPORTBUSSTOP,poi
0,2187,1499696094,TRANSPORTBUSSTOP,poi
0,2188,1718023510,TRANSPORTBUSSTOP,poi
0,2189,1803850935,TRANSPORTBUSSTOP,poi
0,2190,1408034560,TRANSPORTBUSSTOP,poi
0,2191,162406669,SHOPSUPERMARKET,poi
0,2192,4933587125,TRANSPORTBUSSTOP,poi
0,2193,2458140804,TRANSPORTBUSSTOP,poi
0,2194,2458140802,TRANSPORTBUSSTOP,poi
0,2195,2458140801,TRANSPORTBUSSTOP,poi
0,2196,1942852359,TRANSPORTBUSSTOP,poi
0,2197,339094371,SHOPCOMPUTER,poi
0,2198,2462518743,SHOPBAKERY,poi
0,2199,1637887225,TRANSPORTSUBWAY,poi
0,2200,1817956187,EDUCATIONSCHOOL,poi
0,2201,4167768093,SHOPBICYCLE,poi
0,2202,4167768094,TRANSPORTBUSSTOP,poi
0,2203,3540685028,TRANSPORTBUSSTOP,poi
0,2204,1637887228,TRANSPORTBUSSTOP,poi
0,2205,4345711389,TRANSPORTBUSSTOP,poi
0,2206,1499760928,TRANSPORTBUSSTOP,poi
0,2207,332263595,TRANSPORTBUSSTOP,poi
0,2208,2420987263,TRANSPORTSUBWAY,poi
0,2209,2383331339,TRANSPORTSUBWAY,poi
0,2210,239453044,TRANSPORTSUBWAY,poi
0,2211,2420987265,FOODFASTFOOD,poi
0,2212,4803705221,TRANSPORTBUSSTOP,poi
0,2213,1350216513,MONEYBANK,poi
0,2214,2383331333,TRANSPORTBUSSTOP,poi
0,2215,2383331336,ACCOMMOHOTEL,poi
0,2216,2358606082,SHOPBAKERY,poi
0,2217,1349202038,HEALTHHOSPITAL,poi
0,2218,3500749704,SHOPSUPERMARKET,poi
0,2219,1499695142,MONEYBANK,poi
0,2220,1748322321,TRANSPORTBUSSTOP,poi
0,2221,1748322322,TRANSPORTBUSSTOP,poi
0,2222,2482537125,TRANSPORTSUBWAY,poi
0,2223,2482537124,FOODRESTAURANT,poi
0,2224,1858722981,TRANSPORTBUSSTOP,poi
0,2225,1858722985,TRANSPORTBUSSTOP,poi
0,2226,2430743959,TRANSPORTBUSSTOP,poi
0,2227,2430743952,TRANSPORTBUSSTOP,poi
0,2228,2430743955,TRANSPORTBUSSTOP,poi
0,2229,3574930411,TRANSPORTSUBWAY,poi
0,2230,2490555301,TRANSPORTBUSSTOP,poi
0,2231,4769096341,TRANSPORTBUSSTOP,poi
0,2232,4769096344,TRANSPORTSUBWAY,poi
0,2233,4769096347,TRANSPORTBUSSTOP,poi
0,2234,4168365790,TRANSPORTBUSSTOP,poi
0,2235,1721679239,ACCOMMOHOTEL,poi
0,2236,1814002008,TRANSPORTBUSSTOP,poi
0,2237,3367038996,TRANSPORTSUBWAY,poi
0,2238,1978209846,FOODFASTFOOD,poi
0,2239,1978209844,TRANSPORTBUSSTOP,poi
0,2240,2286373930,TRANSPORTBUSSTOP,poi
0,2241,2286373931,TRANSPORTBUSSTOP,poi
0,2242,1861798582,FOODBAR,poi
0,2243,2286373933,TRANSPORTSUBWAY,poi
0,2244,2783250146,TRANSPORTSUBWAY,poi
0,2245,2098804268,TRANSPORTBUSSTOP,poi
0,2246,2503942232,TRANSPORTBUSSTOP,poi
0,2247,1359330147,TRANSPORTBUSSTOP,poi,taxi,Tid2525
0,2248,2487994034,TRANSPORTBUSSTOP,poi
0,2249,3536081683,FOODRESTAURANT,poi
0,2250,1802524567,TRANSPORTBUSSTOP,poi
0,2251,1583578419,TRANSPORTSTATION,poi
0,2252,3955542629,TRANSPORTBUSSTOP,poi
0,2253,322121115,TRANSPORTSTATION,poi
0,2254,2512422278,TRANSPORTBUSSTOP,poi
0,2255,4532063855,TRANSPORTBUSSTOP,poi
0,2256,2524995152,TRANSPORTBUSSTOP,poi
0,2257,2524995151,TRANSPORTBUSSTOP,poi
0,2258,2524995150,TRANSPORTBUSSTOP,poi
0,2259,3530332747,SHOPCONVENIENCE,poi
0,2260,1571709097,TRANSPORTSUBWAY,poi,taxi,Tid5643
0,2261,3574840869,TRANSPORTSUBWAY,poi
0,2262,600244532,FOODBAR,poi
0,2263,2449568252,SHOPDEPARTMENTSTORE,poi
0,2264,2449568253,TRANSPORTSUBWAY,poi
0,2265,1357810242,TRANSPORTSUBWAY,poi
0,2266,1357810241,TRANSPORTBUSSTOP,poi
0,2267,3523165808,TRANSPORTBUSSTOP,poi
0,2268,1807511027,TRANSPORTBUSSTOP,poi
0,2269,4233357790,TRANSPORTBUSSTOP,poi
0,2270,3523165803,TRANSPORTSUBWAY,poi
0,2271,2925422801,TRANSPORTBUSSTOP,poi
0,2272,2504963404,TRANSPORTBUSSTOP,poi
0,2273,2420947269,TRANSPORTBUSSTOP,poi
0,2274,2914389012,TRANSPORTBUSSTOP,poi
0,2275,3815540247,TRANSPORTBUSSTOP,poi
0,2276,1364282598,SHOPBICYCLE,poi
0,2277,2383173553,TRANSPORTBUSSTOP,poi
0,2278,1667004636,FOODBAR,poi
0,2279,2345946145,TRANSPORTBUSSTOP,poi
0,2280,1364282596,TRANSPORTBUSSTOP,poi
0,2281,2383173558,TRANSPORTBUSSTOP,poi
0,2282,2111812192,TRANSPORTBUSSTOP,poi
0,2283,2098704189,MONEYBANK,poi
0,2284,1555209365,TRANSPORTBUSSTOP,poi
0,2285,2052937451,TRANSPORTBUSSTOP,poi
0,2286,2052937452,FOODCAFE,poi
0,2287,2052937453,TRANSPORTBUSSTOP,poi
0,2288,1762059785,SHOPDEPARTMENTSTORE,poi
0,2289,1842559543,TRANSPORTSUBWAY,poi
0,2290,2523924335,TRANSPORTBUSSTOP,poi
0,2291,2513665726,TRANSPORTBUSSTOP,poi
0,2292,1529259357,TRANSPORTBUSSTOP,poi
0,2293,1419892795,TRANSPORTBUSSTOP,poi
0,2294,4174535908,TRANSPORTBUSSTOP,poi
0,2295,1790295833,TRANSPORTBUSSTOP,poi
0,2296,339089391,TRANSPORTSUBWAY,poi,taxi,Tid3526
0,2297,2948818633,TRANSPORTBUSSTOP,poi
0,2298,4367120190,TRANSPORTBUSSTOP,poi
0,2299,2480938169,TRANSPORTSUBWAY,poi
0,2300,2442671693,TRANSPORTBUSSTOP,poi
0,2301,2492158968,TRANSPORTBUSSTOP,poi
0,2302,2010616270,TRANSPORTSUBWAY,poi
0,2303,2010616271,TRANSPORTBUSSTOP,poi
0,2304,1836427426,TRANSPORTBUSSTOP,poi
0,2305,1836427427,TRANSPORTBUSSTOP,poi
0,2306,3369001428,SHOPDEPARTMENTSTORE,poi
0,2307,4316002800,TRANSPORTSUBWAY,poi
0,2308,1819721004,TRANSPORTBUSSTOP,poi
0,2309,1635087218,TRANSPORTBUSSTOP,poi
0,2310,1819721002,MONEYBANK,poi
0,2311,1819721003,SHOPDEPARTMENTSTORE,poi
0,2312,2782539934,TRANSPORTBUSSTOP,poi
0,2313,1357810260,TRANSPORTBUSSTOP,poi
0,2314,984101964,TRANSPORTSUBWAY,poi
0,2315,2272994462,TRANSPORTBUSSTOP,poi
0,2316,2272994463,TRANSPORTBUSSTOP,poi
0,2317,1859847382,AMENITYLIBRARY,poi
0,2318,2272994464,TRANSPORTBUSSTOP,poi
0,2319,1415627441,TRANSPORTBUSSTOP,poi
0,2320,1415627443,TRANSPORTBUSSTOP,poi,taxi,Tid6948
0,2321,1736447000,TRANSPORTSUBWAY,poi
0,2322,1415627444,TRANSPORTSUBWAY,poi,taxi,Tid8054
0,2323,1719075345,TRANSPORTBUSSTOP,poi
0,2324,1984482551,TRANSPORTBUSSTOP,poi
0,2325,1351202220,FOODBAR,poi
0,2326,2469751717,TRANSPORTBUSSTOP,poi
0,2327,2469751715,TRANSPORTBUSSTOP,poi
0,2328,2469751712,TRANSPORTBUSSTOP,poi
0,2329,1765150280,TRANSPORTBUSSTOP,poi
0,2330,3523198593,MONEYBANK,poi,taxi,Tid8175
0,2331,1851784991,TRANSPORTBUSSTOP,poi
0,2332,2469751718,TRANSPORTBUSSTOP,poi
0,2333,3540564231,TRANSPORTSUBWAY,poi
0,2334,600298195,TRANSPORTBUSSTOP,poi
0,2335,4275133989,HEALTHHOSPITAL,poi
0,2336,4769095817,FOODRESTAURANT,poi
0,2337,1367428403,TRANSPORTBUSSTOP,poi
0,2338,4769095812,TRANSPORTBUSSTOP,poi
0,2339,1737702621,TRANSPORTBUSSTOP,poi
0,2340,2593830663,TRANSPORTBUSSTOP,poi
0,2341,2948740433,TRANSPORTBUSSTOP,poi
0,2342,1573884818,SHOPMARKETPLACE,poi
0,2343,2483306847,TRANSPORTBUSSTOP,poi
0,2344,1811342367,TRANSPORTSUBWAY,poi
0,2345,2383146358,MONEYBANK,poi
0,2346,340408841,TRANSPORTSUBWAY,poi
0,2347,4154729089,SHOPCLOTHES,poi
0,2348,3530338696,TRANSPORTSUBWAY,poi
0,2349,2484653118,TRANSPORTBUSSTOP,poi